date,date_yyyymmdd,sector,price,return
1998-12-31,19981231,XLY,19.319095611572266,
1999-01-31,19990131,XLY,20.312774658203125,0.051435070595936105
1999-02-28,19990228,XLY,20.185688018798828,-0.0062564884188764935
1999-03-31,19990331,XLY,21.16766357421875,0.04864711841902114
1999-04-30,19990430,XLY,21.72287940979004,0.026229434043326227
1999-05-31,19990531,XLY,20.739688873291016,-0.04526059911081215
1999-06-30,19990630,XLY,22.076452255249023,0.06445436043544106
1999-07-31,19990731,XLY,20.431713104248047,-0.07450196852213486
1999-08-31,19990831,XLY,19.644094467163086,-0.03854883009889187
1999-09-30,19990930,XLY,19.358970642089844,-0.014514480448556855
1999-10-31,19991031,XLY,21.07564353942871,0.08867583556361791
1999-11-30,19991130,XLY,21.087236404418945,0.0005500598341656726
1999-12-31,19991231,XLY,23.087970733642578,0.09487892537707632
2000-01-31,20000131,XLY,20.219392776489258,-0.12424556450833413
2000-02-29,20000229,XLY,19.092870712280273,-0.055714930545237906
2000-03-31,20000331,XLY,21.794832229614258,0.1415167765000429
2000-04-30,20000430,XLY,21.341014862060547,-0.020822246428539914
2000-05-31,20000531,XLY,20.18902015686035,-0.053980315024670156
2000-06-30,20000630,XLY,19.09676742553711,-0.05410132452377037
2000-07-31,20000731,XLY,19.399892807006836,0.015873125263303534
2000-08-31,20000831,XLY,18.595443725585938,-0.041466676616395914
2000-09-30,20000930,XLY,18.618215560913086,0.0012245921992071196
2000-10-31,20001031,XLY,18.384464263916016,-0.012554978549491391
2000-11-30,20001130,XLY,17.928653717041016,-0.024793246097991495
2000-12-31,20001231,XLY,19.19208526611328,0.0704699621629361
2001-01-31,20010131,XLY,21.423913955688477,0.11628901490531862
2001-02-28,20010228,XLY,19.894161224365234,-0.07140398035985684
2001-03-31,20010331,XLY,19.60405921936035,-0.014582268723628444
2001-04-30,20010430,XLY,20.51325225830078,0.04637779496414396
2001-05-31,20010531,XLY,21.00166130065918,0.023809439683595723
2001-06-30,20010630,XLY,20.836284637451172,-0.007874456255649531
2001-07-31,20010731,XLY,21.762502670288086,0.04445216836652954
2001-08-31,20010831,XLY,19.85735511779785,-0.08754266829298518
2001-09-30,20010930,XLY,17.349048614501953,-0.12631624344813885
2001-10-31,20011031,XLY,18.262956619262695,0.05267770153095386
2001-11-30,20011130,XLY,20.694992065429688,0.13316767360668336
2001-12-31,20011231,XLY,21.635257720947266,0.04543445354049025
2002-01-31,20020131,XLY,22.346345901489258,0.03286710006941651
2002-02-28,20020228,XLY,22.467395782470703,0.005416987704167653
2002-03-31,20020331,XLY,22.753211975097656,0.012721376139639196
2002-04-30,20020430,XLY,22.11697769165039,-0.027962394238826405
2002-05-31,20020531,XLY,22.003366470336914,-0.005136833020199072
2002-06-30,20020630,XLY,20.844436645507812,-0.05267056867827358
2002-07-31,20020731,XLY,18.35555076599121,-0.1194028853762753
2002-08-31,20020831,XLY,18.909488677978516,0.030178223418587447
2002-09-30,20020930,XLY,17.223691940307617,-0.08915083672432311
2002-10-31,20021031,XLY,18.3861141204834,0.06748972195998415
2002-11-30,20021130,XLY,19.237041473388672,0.04628097853245028
2002-12-31,20021231,XLY,17.598115921020508,-0.0851963413727288
2003-01-31,20030131,XLY,17.011764526367188,-0.03331898694637747
2003-02-28,20030228,XLY,16.935623168945312,-0.004475805981434822
2003-03-31,20030331,XLY,17.33374786376953,0.023508121954098238
2003-04-30,20030430,XLY,19.362241744995117,0.11702569445269728
2003-05-31,20030531,XLY,20.39175033569336,0.05317093982489696
2003-06-30,20030630,XLY,20.687366485595703,0.014496850198528755
2003-07-31,20030731,XLY,21.069194793701172,0.018457076611048118
2003-08-31,20030831,XLY,22.145944595336914,0.05110540825972354
2003-09-30,20030930,XLY,21.089088439941406,-0.04772233357876465
2003-10-31,20031031,XLY,23.00836753845215,0.09100815826993025
2003-11-30,20031130,XLY,23.214824676513672,0.008973132827285069
2003-12-31,20031231,XLY,24.144630432128906,0.04005224112486694
2004-01-31,20040131,XLY,24.006607055664062,-0.005716524709410309
2004-02-29,20040229,XLY,24.527992248535156,0.021718404090264043
2004-03-31,20040331,XLY,24.376619338989258,-0.0061714349879141706
2004-04-30,20040430,XLY,24.1002254486084,-0.011338483262885446
2004-05-31,20040531,XLY,24.253782272338867,0.006371592832519868
2004-06-30,20040630,XLY,24.31646728515625,0.002584545870557786
2004-07-31,20040731,XLY,23.393932342529297,-0.037938691167943905
2004-08-31,20040831,XLY,23.347801208496094,-0.0019719273082335897
2004-09-30,20040930,XLY,24.02107810974121,0.028836844002257278
2004-10-31,20041031,XLY,24.991159439086914,0.04038458744082374
2004-11-30,20041130,XLY,26.038238525390625,0.04189797951775098
2004-12-31,20041231,XLY,27.254619598388672,0.04671518281898823
2005-01-31,20050131,XLY,26.08843421936035,-0.04278853993241083
2005-02-28,20050228,XLY,25.94940948486328,-0.005328979628601016
2005-03-31,20050331,XLY,25.64617347717285,-0.011685661204248632
2005-04-30,20050430,XLY,24.0142822265625,-0.06363098386053057
2005-05-31,20050531,XLY,25.499223709106445,0.06183576375651301
2005-06-30,20050630,XLY,25.389307022094727,-0.004310589540514664
2005-07-31,20050731,XLY,26.82994270324707,0.056741827569324776
2005-08-31,20050831,XLY,25.94696617126465,-0.03291011619922546
2005-09-30,20050930,XLY,25.209529876708984,-0.028420906308975313
2005-10-31,20051031,XLY,24.697423934936523,-0.020313982223270077
2005-11-30,20051130,XLY,25.68282699584961,0.03989902199958406
2005-12-31,20051231,XLY,25.463031768798828,-0.00855806205003451
2006-01-31,20060131,XLY,25.91536521911621,0.01776432022802754
2006-02-28,20060228,XLY,26.10252571105957,0.007221989362716119
2006-03-31,20060331,XLY,26.25612449645996,0.005884441494307557
2006-04-30,20060430,XLY,26.59153175354004,0.012774438859981085
2006-05-31,20060531,XLY,26.146921157836914,-0.016720006948976684
2006-06-30,20060630,XLY,26.101167678833008,-0.0017498610535333636
2006-07-31,20060731,XLY,25.23346710205078,-0.033243745546521875
2006-08-31,20060831,XLY,25.733747482299805,0.019826065844450014
2006-09-30,20060930,XLY,27.373172760009766,0.06370721088475717
2006-10-31,20061031,XLY,29.14322280883789,0.06466367871736223
2006-11-30,20061130,XLY,29.511348724365234,0.012631613117808804
2006-12-31,20061231,XLY,30.15130043029785,0.02168493591769516
2007-01-31,20070131,XLY,31.01589584350586,0.02867522796261257
2007-02-28,20070228,XLY,30.088411331176758,-0.029903521633191765
2007-03-31,20070331,XLY,29.946168899536133,-0.004727482287947726
2007-04-30,20070430,XLY,30.654882431030273,0.02366625039322212
2007-05-31,20070531,XLY,31.57615852355957,0.030053160197304862
2007-06-30,20070630,XLY,31.024553298950195,-0.017469041530109197
2007-07-31,20070731,XLY,29.186586380004883,-0.0592423330397317
2007-08-31,20070831,XLY,29.368019104003906,0.006216305039472569
2007-09-30,20070930,XLY,29.109670639038086,-0.008796931929624052
2007-10-31,20071031,XLY,28.967395782470703,-0.00488754607812647
2007-11-30,20071130,XLY,27.386642456054688,-0.05457008763530591
2007-12-31,20071231,XLY,26.030147552490234,-0.04953125983738682
2008-01-31,20080131,XLY,25.934640884399414,-0.0036690790130262663
2008-02-29,20080229,XLY,24.9316349029541,-0.03867437324141454
2008-03-31,20080331,XLY,24.486238479614258,-0.017864709838465886
2008-04-30,20080430,XLY,25.068099975585938,0.023762796252111196
2008-05-31,20080531,XLY,25.753589630126953,0.02734509816095443
2008-06-30,20080630,XLY,22.78309440612793,-0.11534295865785216
2008-07-31,20080731,XLY,22.823089599609375,0.0017554767920677783
2008-08-31,20080831,XLY,24.39902687072754,0.06905012856564063
2008-09-30,20080930,XLY,22.397764205932617,-0.08202223291109678
2008-10-31,20081031,XLY,18.448049545288086,-0.1763441486538352
2008-11-30,20081130,XLY,16.44910430908203,-0.1083553701055956
2008-12-31,20081231,XLY,17.447704315185547,0.06070847307790239
2009-01-31,20090131,XLY,15.59536075592041,-0.10616546026934648
2009-02-28,20090228,XLY,14.179805755615234,-0.09076769832129683
2009-03-31,20090331,XLY,15.980292320251465,0.12697540401237406
2009-04-30,20090430,XLY,18.94051742553711,0.18524223749863555
2009-05-31,20090531,XLY,18.802265167236328,-0.007299286244122238
2009-06-30,20090630,XLY,18.849910736083984,0.0025340334488357374
2009-07-31,20090731,XLY,20.63852882385254,0.0948873505456258
2009-08-31,20090831,XLY,21.365415573120117,0.03521989166337747
2009-09-30,20090930,XLY,22.50820541381836,0.053487835833906594
2009-10-31,20091031,XLY,21.975616455078125,-0.023661991213802636
2009-11-30,20091130,XLY,23.450498580932617,0.06711448249333074
2009-12-31,20091231,XLY,24.526084899902344,0.04586624524240501
2010-01-31,20100131,XLY,23.817562103271484,-0.028888540487506886
2010-02-28,20100228,XLY,25.14397621154785,0.05569059093979134
2010-03-31,20100331,XLY,27.106929779052734,0.07806854218241588
2010-04-30,20100430,XLY,28.74126625061035,0.06029220147316616
2010-05-31,20100531,XLY,26.71897315979004,-0.07036200399755754
2010-06-30,20100630,XLY,24.12211036682129,-0.09719171382217728
2010-07-31,20100731,XLY,26.034988403320312,0.07929977963827284
2010-08-31,20100831,XLY,24.9998779296875,-0.039758438052570955
2010-09-30,20100930,XLY,27.7552433013916,0.11021515302809104
2010-10-31,20101031,XLY,29.292116165161133,0.055372343419251235
2010-11-30,20101130,XLY,30.03148078918457,0.02524107919873697
2010-12-31,20101231,XLY,31.261539459228516,0.040958974972920226
2011-01-31,20110131,XLY,31.06932830810547,-0.006148486429266575
2011-02-28,20110228,XLY,32.93284225463867,0.05997921577361698
2011-03-31,20110331,XLY,32.74132537841797,-0.005815376478588874
2011-04-30,20110430,XLY,33.99900817871094,0.03841270277720632
2011-05-31,20110531,XLY,33.906768798828125,-0.002713002079295035
2011-06-30,20110630,XLY,33.83296203613281,-0.0021767560080175885
2011-07-31,20110731,XLY,33.36178207397461,-0.01392665417987915
2011-08-31,20110831,XLY,31.611656188964844,-0.052459004771661544
2011-09-30,20110930,XLY,29.43195915222168,-0.06895232010982277
2011-10-31,20111031,XLY,32.944210052490234,0.11933459414316405
2011-11-30,20111130,XLY,32.707794189453125,-0.007176249260808731
2011-12-31,20111231,XLY,33.13544464111328,0.013074879008442952
2012-01-31,20120131,XLY,35.088565826416016,0.058943563499956
2012-02-29,20120229,XLY,36.676578521728516,0.04525726993711965
2012-03-31,20120331,XLY,38.40793228149414,0.04720597802600124
2012-04-30,20120430,XLY,38.85087203979492,0.01153250727100974
2012-05-31,20120531,XLY,36.71283721923828,-0.05503183605162465
2012-06-30,20120630,XLY,37.423892974853516,0.01936804152098137
2012-07-31,20120731,XLY,37.218746185302734,-0.005481706290914934
2012-08-31,20120831,XLY,38.936920166015625,0.046164209083200625
2012-09-30,20120930,XLY,40.136478424072266,0.030807733455601394
2012-10-31,20121031,XLY,39.51887130737305,-0.015387675773986254
2012-11-30,20121130,XLY,40.77125549316406,0.031690788333758935
2012-12-31,20121231,XLY,40.95508575439453,0.004508820221670318
2013-01-31,20130131,XLY,43.27737045288086,0.05670320683523755
2013-02-28,20130228,XLY,43.96799850463867,0.01595817963362056
2013-03-31,20130331,XLY,45.891998291015625,0.04375909415512669
2013-04-30,20130430,XLY,47.286067962646484,0.030377183900134996
2013-05-31,20130531,XLY,48.59355163574219,0.027650505305887307
2013-06-30,20130630,XLY,48.992469787597656,0.00820928165213708
2013-07-31,20130731,XLY,51.5723876953125,0.0526594784647485
2013-08-31,20130831,XLY,50.10435104370117,-0.02846555525573935
2013-09-30,20130930,XLY,52.82147216796875,0.05422924491922254
2013-10-31,20131031,XLY,55.243431091308594,0.045851787614668904
2013-11-30,20131130,XLY,57.151390075683594,0.034537300574641216
2013-12-31,20131231,XLY,58.45627212524414,0.0228320264447206
2014-01-31,20140131,XLY,54.94870376586914,-0.060003285051430266
2014-02-28,20140228,XLY,58.46500778198242,0.06399248344594066
2014-03-31,20140331,XLY,56.78879928588867,-0.028670286034073178
2014-04-30,20140430,XLY,56.016632080078125,-0.013597174363966902
2014-05-31,20140531,XLY,57.63113784790039,0.02882189999417073
2014-06-30,20140630,XLY,58.748409271240234,0.019386593169278266
2014-07-31,20140731,XLY,58.00019836425781,-0.012735849638548458
2014-08-31,20140831,XLY,60.57935333251953,0.04446803702400959
2014-09-30,20140930,XLY,58.900760650634766,-0.027708989771993542
2014-10-31,20141031,XLY,60.146095275878906,0.021142929420398193
2014-11-30,20141130,XLY,63.42275619506836,0.05447836479093149
2014-12-31,20141231,XLY,63.98722457885742,0.008900092295783146
2015-01-31,20150131,XLY,62.07160186767578,-0.029937580881021608
2015-02-28,20150228,XLY,67.37507629394531,0.08544123667978587
2015-03-31,20150331,XLY,67.04963684082031,-0.004830264706568443
2015-04-30,20150430,XLY,67.01403045654297,-0.0005310451473715672
2015-05-31,20150531,XLY,67.8949966430664,0.01314599615217471
2015-06-30,20150630,XLY,68.27141571044922,0.0055441355916356905
2015-07-31,20150731,XLY,71.61001586914062,0.048901873850851096
2015-08-31,20150831,XLY,66.93243408203125,-0.06532021715589531
2015-09-30,20150930,XLY,66.53954315185547,-0.005869963278106072
2015-10-31,20151031,XLY,72.55194854736328,0.09035838105750749
2015-11-30,20151130,XLY,72.3816909790039,-0.002346698769203015
2015-12-31,20151231,XLY,70.32379913330078,-0.028431110379834368
2016-01-31,20160131,XLY,66.6798095703125,-0.0518173023627605
2016-02-29,20160229,XLY,66.97673797607422,0.004453048196675136
2016-03-31,20160331,XLY,71.46246337890625,0.06697437854370336
2016-04-30,20160430,XLY,71.55279541015625,0.0012640486624571068
2016-05-31,20160531,XLY,71.58894348144531,0.0005051943964153871
2016-06-30,20160630,XLY,70.77314758300781,-0.011395557173559112
2016-07-31,20160731,XLY,74.0008316040039,0.045606054432020704
2016-08-31,20160831,XLY,73.03977966308594,-0.012987042443803665
2016-09-30,20160930,XLY,72.84501647949219,-0.002666535749315524
2016-10-31,20161031,XLY,71.07940673828125,-0.024237893359637108
2016-11-30,20161130,XLY,74.4923095703125,0.04801535337228913
2016-12-31,20161231,XLY,74.52141571044922,0.0003907267784366564
2017-01-31,20170131,XLY,77.66154479980469,0.04213727100349707
2017-02-28,20170228,XLY,79.07141876220703,0.018154080839322795
2017-03-31,20170331,XLY,80.75874328613281,0.021339246852267957
2017-04-30,20170430,XLY,82.69625854492188,0.02399139932037242
2017-05-31,20170531,XLY,83.60527801513672,0.010992268407415962
2017-06-30,20170630,XLY,82.55236053466797,-0.012593911598238083
2017-07-31,20170731,XLY,84.14576721191406,0.019301770015128117
2017-08-31,20170831,XLY,82.58001708984375,-0.018607592205168277
2017-09-30,20170930,XLY,83.2603988647461,0.008239060718068236
2017-10-31,20171031,XLY,85.02581024169922,0.02120349411033917
2017-11-30,20171130,XLY,89.33300018310547,0.05065744071314793
2017-12-31,20171231,XLY,91.52902221679688,0.02458242787312903
2018-01-31,20180131,XLY,99.98726654052734,0.0924105176574066
2018-02-28,20180228,XLY,96.51866149902344,-0.034690467711686046
2018-03-31,20180331,XLY,94.2169418334961,-0.0238474055667528
2018-04-30,20180430,XLY,96.45864868164062,0.023793033445154377
2018-05-31,20180531,XLY,98.37481689453125,0.019865177867200767
2018-06-30,20180630,XLY,101.9346694946289,0.036186624915543364
2018-07-31,20180731,XLY,103.77190399169922,0.018023646970936724
2018-08-31,20180831,XLY,109.06915283203125,0.051047042952548694
2018-09-30,20180930,XLY,109.647705078125,0.00530445346893571
2018-10-31,20181031,XLY,98.5725326538086,-0.10100687849713996
2018-11-30,20181130,XLY,101.01393127441406,0.02476753467601145
2018-12-31,20181231,XLY,92.97703552246094,-0.07956225097427527
2019-01-31,20190131,XLY,102.15169525146484,0.09867662135546951
2019-02-28,20190228,XLY,103.49457550048828,0.013145941882978018
2019-03-31,20190331,XLY,107.27762603759766,0.03655312869118954
2019-04-30,20190430,XLY,113.1385269165039,0.05463302177149387
2019-05-31,20190531,XLY,104.53561401367188,-0.07603875653411118
2019-06-30,20190630,XLY,112.70601654052734,0.07815903320553397
2019-07-31,20190731,XLY,114.14322662353516,0.012751848810937272
2019-08-31,20190831,XLY,113.06533813476562,-0.009443297869304201
2019-09-30,20190930,XLY,114.50287628173828,0.012714224984311517
2019-10-31,20191031,XLY,114.64517974853516,0.0012427938180934461
2019-11-30,20191130,XLY,116.16300964355469,0.013239369490708253
2019-12-31,20191231,XLY,119.37278747558594,0.027631668995839798
2020-01-31,20200131,XLY,119.27763366699219,-0.0007971147411901525
2020-02-29,20200229,XLY,110.24517822265625,-0.07572631319592904
2020-03-31,20200331,XLY,93.8039779663086,-0.1491330552629
2020-04-30,20200430,XLY,111.51653289794922,0.1888252003342803
2020-05-31,20200531,XLY,118.77565002441406,0.06509453744502425
2020-06-30,20200630,XLY,122.42666625976562,0.03073876029810063
2020-07-31,20200731,XLY,131.33233642578125,0.07274289530288702
2020-08-31,20200831,XLY,143.88079833984375,0.0955473895886556
2020-09-30,20200930,XLY,141.1997528076172,-0.018633796609148545
2020-10-31,20201031,XLY,137.3474578857422,-0.02728258970200681
2020-11-30,20201130,XLY,151.0754852294922,0.09995108431617417
2020-12-31,20201231,XLY,154.7433319091797,0.02427823861770717
2021-01-31,20210131,XLY,155.92713928222656,0.0076501349585884615
2021-02-28,20210228,XLY,155.0994415283203,-0.005308234074686169
2021-03-31,20210331,XLY,162.0166015625,0.04459822657012369
2021-04-30,20210430,XLY,172.47581481933594,0.06455642913112936
2021-05-31,20210531,XLY,166.6147918701172,-0.03398170900284203
2021-06-30,20210630,XLY,172.3744659423828,0.03456880393161921
2021-07-31,20210731,XLY,174.1894073486328,0.010529061809285922
2021-08-31,20210831,XLY,177.29806518554688,0.017846422949773455
2021-09-30,20210930,XLY,173.5024871826172,-0.02140789296802259
2021-10-31,20211031,XLY,194.48326110839844,0.12092491736846567
2021-11-30,20211130,XLY,197.66421508789062,0.016355926784461072
2021-12-31,20211231,XLY,197.960205078125,0.0014974384215309389
2022-01-31,20220131,XLY,179.0879669189453,-0.09533349468764063
2022-02-28,20220228,XLY,171.80633544921875,-0.04065952389208938
2022-03-31,20220331,XLY,179.41159057617188,0.04426644167147753
2022-04-30,20220430,XLY,157.9597930908203,-0.11956751186732206
2022-05-31,20220531,XLY,149.87171936035156,-0.0512033699982023
2022-06-30,20220630,XLY,133.63539123535156,-0.10833483591364812
2022-07-31,20220731,XLY,158.2764434814453,0.18439016804086905
2022-08-31,20220831,XLY,151.16114807128906,-0.04495486032948659
2022-09-30,20220930,XLY,138.75628662109375,-0.08206382134875734
2022-10-31,20221031,XLY,140.2953338623047,0.011091729814113993
2022-11-30,20221130,XLY,142.3798370361328,0.014857965097214043
2022-12-31,20221231,XLY,126.15571594238281,-0.11394956920503208
2023-01-31,20230131,XLY,145.2412109375,0.15128521805412154
2023-02-28,20230228,XLY,142.15469360351562,-0.02125097494066308
2023-03-31,20230331,XLY,146.5073699951172,0.03061929424392873
2023-04-30,20230430,XLY,144.86146545410156,-0.011234278119049423
2023-05-31,20230531,XLY,148.535400390625,0.025361713172006306
2023-06-30,20230630,XLY,166.70095825195312,0.12229783481618206
2023-07-31,20230731,XLY,170.55902099609375,0.02314361467742443
2023-08-31,20230831,XLY,167.58448791503906,-0.01743990475369117
2023-09-30,20230930,XLY,158.31370544433594,-0.055320051312882645
2023-10-31,20231031,XLY,149.580810546875,-0.05516196385493277
2023-11-30,20231130,XLY,165.98452758789062,0.1096645818473827
2023-12-31,20231231,XLY,176.16294860839844,0.061321504892184686
2024-01-31,20240131,XLY,168.38975524902344,-0.04412501846034844
2024-02-29,20240229,XLY,181.6800537109375,0.07892581376022356
2024-03-31,20240331,XLY,181.56239318847656,-0.0006476248771267734
2024-04-30,20240430,XLY,173.3970489501953,-0.044972662537031916
2024-05-31,20240531,XLY,173.7426300048828,0.0019930042453419894
2024-06-30,20240630,XLY,180.47866821289062,0.038770209751161744
2024-07-31,20240731,XLY,185.5150604248047,0.027905747874719333
2024-08-31,20240831,XLY,185.14894104003906,-0.0019735291783171682
2024-09-30,20240930,XLY,198.66845703125,0.07301967764583273
2024-10-31,20241031,XLY,195.21803283691406,-0.017367750501999346
2024-11-30,20241130,XLY,220.4122314453125,0.1290567179797666
2024-12-31,20241231,XLY,222.86639404296875,0.0111344210870854
2025-01-31,20250131,XLY,230.63467407226562,0.03485621985609533
2025-02-28,20250228,XLY,214.5318603515625,-0.06981956978271864
2025-03-31,20250331,XLY,196.6941375732422,-0.08314719664057768
2025-04-30,20250430,XLY,196.49490356445312,-0.0010129127957099193
2025-05-31,20250531,XLY,212.97076416015625,0.08384879351488528
2025-06-30,20250630,XLY,216.94735717773438,0.0186720136599956
2025-07-31,20250731,XLY,221.04013061523438,0.018865283683299205
2025-08-31,20250831,XLY,231.3319854736328,0.04656102414413388
2025-09-30,20250930,XLY,239.63999938964844,0.0359138140754971
2025-10-31,20251031,XLY,239.92999267578125,0.001210120542778359
2025-11-30,20251130,XLY,225.5,-0.060142512884083565
1998-12-31,19981231,XLP,14.528685569763184,
1999-01-31,19990131,XLP,14.336421012878418,-0.013233444688547924
1999-02-28,19990228,XLP,14.185949325561523,-0.010495763704325256
1999-03-31,19990331,XLP,14.169127464294434,-0.0011858114590032054
1999-04-30,19990430,XLP,13.675057411193848,-0.03486947621479308
1999-05-31,19990531,XLP,13.532692909240723,-0.010410523164355534
1999-06-30,19990630,XLP,13.771673202514648,0.017659478041561094
1999-07-31,19990731,XLP,13.258811950683594,-0.037240300745548405
1999-08-31,19990831,XLP,13.485806465148926,0.017120275580470024
1999-09-30,19990930,XLP,12.269235610961914,-0.09021120519050674
1999-10-31,19991031,XLP,13.389986991882324,0.09134647148833608
1999-11-30,19991130,XLP,13.432110786437988,0.0031459175114361138
1999-12-31,19991231,XLP,12.457207679748535,-0.07258003765676091
2000-01-31,20000131,XLP,12.567073822021484,0.008819483876114198
2000-02-29,20000229,XLP,11.09654712677002,-0.11701424819154305
2000-03-31,20000331,XLP,11.513701438903809,0.03759316365425236
2000-04-30,20000430,XLP,12.124150276184082,0.05301933878688381
2000-05-31,20000531,XLP,12.988945007324219,0.0713282755030582
2000-06-30,20000630,XLP,13.724286079406738,0.056612840509207896
2000-07-31,20000731,XLP,13.222896575927734,-0.0365330116683692
2000-08-31,20000831,XLP,13.061437606811523,-0.012210559780838515
2000-09-30,20000930,XLP,13.640002250671387,0.044295632783801775
2000-10-31,20001031,XLP,14.58686637878418,0.06941817975625231
2000-11-30,20001130,XLP,15.090160369873047,0.034503229002007085
2000-12-31,20001231,XLP,15.639076232910156,0.03637574747933092
2001-01-31,20010131,XLP,14.49882984161377,-0.07291008588454251
2001-02-28,20010228,XLP,14.586433410644531,0.00604211305241531
2001-03-31,20010331,XLP,13.574758529663086,-0.0693572481017306
2001-04-30,20010430,XLP,13.838342666625977,0.019417224725354565
2001-05-31,20010531,XLP,14.041531562805176,0.014683036912305436
2001-06-30,20010630,XLP,13.392064094543457,-0.046253321110789836
2001-07-31,20010731,XLP,13.799724578857422,0.030440452004711016
2001-08-31,20010831,XLP,13.865827560424805,0.004790166730476608
2001-09-30,20010930,XLP,13.849114418029785,-0.0012053476305100563
2001-10-31,20011031,XLP,13.760699272155762,-0.006384173255072456
2001-11-30,20011130,XLP,14.368593215942383,0.044176093944344075
2001-12-31,20011231,XLP,14.086556434631348,-0.019628698305559023
2002-01-31,20020131,XLP,13.992274284362793,-0.006693058783107886
2002-02-28,20020228,XLP,14.286206245422363,0.021006732364305947
2002-03-31,20020331,XLP,14.516592979431152,0.01612651602888704
2002-04-30,20020430,XLP,13.97708797454834,-0.03716471252223219
2002-05-31,20020531,XLP,13.821353912353516,-0.01114209644229247
2002-06-30,20020630,XLP,12.412969589233398,-0.1018991577852083
2002-07-31,20020731,XLP,11.882973670959473,-0.042696948096418996
2002-08-31,20020831,XLP,11.977818489074707,0.007981572688915639
2002-09-30,20020930,XLP,11.112013816833496,-0.07228400338767316
2002-10-31,20021031,XLP,11.544368743896484,0.03890878234942585
2002-11-30,20021130,XLP,11.224315643310547,-0.027723741998032625
2002-12-31,20021231,XLP,11.255989074707031,0.002821858579445946
2003-01-31,20030131,XLP,10.872132301330566,-0.03410244722420852
2003-02-28,20030228,XLP,10.539083480834961,-0.030633256776579687
2003-03-31,20030331,XLP,10.540339469909668,0.00011917441179698507
2003-04-30,20030430,XLP,10.852517127990723,0.029617419720897376
2003-05-31,20030531,XLP,11.38606071472168,0.049163118605438205
2003-06-30,20030630,XLP,11.494709968566895,0.00954230410037571
2003-07-31,20030731,XLP,11.4776029586792,-0.001488250676569991
2003-08-31,20030831,XLP,11.67147159576416,0.01689103881558829
2003-09-30,20030930,XLP,11.625566482543945,-0.003933104137174515
2003-10-31,20031031,XLP,12.1519193649292,0.04527546104317448
2003-11-30,20031130,XLP,12.294955253601074,0.0117706416884793
2003-12-31,20031231,XLP,12.513660430908203,0.017788204413600628
2004-01-31,20040131,XLP,12.513660430908203,0.0
2004-02-29,20040229,XLP,13.226096153259277,0.0569326398366532
2004-03-31,20040331,XLP,13.193320274353027,-0.0024781219285309186
2004-04-30,20040430,XLP,13.366314888000488,0.013112287888875862
2004-05-31,20040531,XLP,13.291353225708008,-0.005608252006675141
2004-06-30,20040630,XLP,13.364274024963379,0.005486333710124303
2004-07-31,20040731,XLP,12.704449653625488,-0.04937225696699965
2004-08-31,20040831,XLP,12.93017292022705,0.01776726050759292
2004-09-30,20040930,XLP,12.589631080627441,-0.026336990363592827
2004-10-31,20041031,XLP,12.671005249023438,0.006463586412886357
2004-11-30,20041130,XLP,12.984868049621582,0.024770157886434108
2004-12-31,20041231,XLP,13.470378875732422,0.03739050903370478
2005-01-31,20050131,XLP,13.627965927124023,0.011698783890592868
2005-02-28,20050228,XLP,13.610457420349121,-0.0012847483526543524
2005-03-31,20050331,XLP,13.491190910339355,-0.008762858317417743
2005-04-30,20050430,XLP,13.350536346435547,-0.01042565959066033
2005-05-31,20050531,XLP,13.66114616394043,0.02326571827863777
2005-06-30,20050630,XLP,13.39721393585205,-0.019319918323181917
2005-07-31,20050731,XLP,13.82709789276123,0.032087563800020646
2005-08-31,20050831,XLP,13.585659980773926,-0.017461213760098016
2005-09-30,20050930,XLP,13.77783489227295,0.014145423319219308
2005-10-31,20051031,XLP,13.712729454040527,-0.004725375121815034
2005-11-30,20051130,XLP,13.83701229095459,0.009063318672668963
2005-12-31,20051231,XLP,13.85318660736084,0.0011689168200583744
2006-01-31,20060131,XLP,13.876981735229492,0.0017176645737240204
2006-02-28,20060228,XLP,13.995942115783691,0.008572496730480994
2006-03-31,20060331,XLP,14.111350059509277,0.008245814591890666
2006-04-30,20060430,XLP,14.248885154724121,0.009746416511166034
2006-05-31,20060531,XLP,14.27878189086914,0.0020981807222375526
2006-06-30,20060630,XLP,14.54157543182373,0.018404478964878512
2006-07-31,20060731,XLP,14.77000904083252,0.01570900003784126
2006-08-31,20060831,XLP,15.341089248657227,0.03866485160881927
2006-09-30,20060930,XLP,15.333357810974121,-0.0005039692786992234
2006-10-31,20061031,XLP,15.60522747039795,0.017730601657860667
2006-11-30,20061130,XLP,15.472304344177246,-0.008517858933671407
2006-12-31,20061231,XLP,15.860487937927246,0.025088932140614695
2007-01-31,20070131,XLP,16.18231773376465,0.020291292241256365
2007-02-28,20070228,XLP,15.933354377746582,-0.015384900983534733
2007-03-31,20070331,XLP,16.262603759765625,0.020664159863216902
2007-04-30,20070430,XLP,16.720272064208984,0.028142375673915865
2007-05-31,20070531,XLP,16.94606590270996,0.013504196440936145
2007-06-30,20070630,XLP,16.60839080810547,-0.01992645942386495
2007-07-31,20070731,XLP,16.135623931884766,-0.02846554381355093
2007-08-31,20070831,XLP,16.516286849975586,0.02359145947487118
2007-09-30,20070930,XLP,17.275100708007812,0.045943368804674645
2007-10-31,20071031,XLP,17.54058265686035,0.015367895871627235
2007-11-30,20071130,XLP,18.022165298461914,0.02745533891448071
2007-12-31,20071231,XLP,17.87259864807129,-0.008299038873169629
2008-01-31,20080131,XLP,16.879667282104492,-0.05555607136480678
2008-02-29,20080229,XLP,16.836231231689453,-0.002573276456763418
2008-03-31,20080331,XLP,17.38170051574707,0.03239853839919493
2008-04-30,20080430,XLP,17.25068473815918,-0.007537569610591044
2008-05-31,20080531,XLP,17.77475929260254,0.0303799276607315
2008-06-30,20080630,XLP,16.761695861816406,-0.05699449506513132
2008-07-31,20080731,XLP,17.168977737426758,0.024298369268121123
2008-08-31,20080831,XLP,17.63266944885254,0.027007531753913128
2008-09-30,20080930,XLP,17.41204261779785,-0.012512389669338764
2008-10-31,20081031,XLP,15.2166109085083,-0.126086970809816
2008-11-30,20081130,XLP,15.185070991516113,-0.0020727294127335094
2008-12-31,20081231,XLP,15.18748950958252,0.000159269460627387
2009-01-31,20090131,XLP,14.093127250671387,-0.07205682402089209
2009-02-28,20090228,XLP,12.9542236328125,-0.08081269668551605
2009-03-31,20090331,XLP,13.504572868347168,0.042484154290856724
2009-04-30,20090430,XLP,14.080591201782227,0.042653576610717225
2009-05-31,20090531,XLP,14.797426223754883,0.050909440640668935
2009-06-30,20090630,XLP,14.826848983764648,0.0019883701101028883
2009-07-31,20090731,XLP,15.813592910766602,0.06655115514310794
2009-08-31,20090831,XLP,16.007064819335938,0.012234532004274046
2009-09-30,20090930,XLP,16.537046432495117,0.03310923140131106
2009-10-31,20091031,XLP,16.777376174926758,0.014532809314690809
2009-11-30,20091130,XLP,17.39444351196289,0.03677972828423082
2009-12-31,20091231,XLP,17.355918884277344,-0.0022147663223058833
2010-01-31,20100131,XLP,17.17888832092285,-0.01020001098961476
2010-02-28,20100228,XLP,17.72309684753418,0.031678914051063156
2010-03-31,20100331,XLP,18.39080238342285,0.03767431513988306
2010-04-30,20100430,XLP,18.19325828552246,-0.010741461616620596
2010-05-31,20100531,XLP,17.350431442260742,-0.0463263275898419
2010-06-30,20100630,XLP,16.911224365234375,-0.02531389945477569
2010-07-31,20100731,XLP,17.89273452758789,0.0580389770223424
2010-08-31,20100831,XLP,17.561145782470703,-0.018532032910113738
2010-09-30,20100930,XLP,18.621461868286133,0.060378525350767376
2010-10-31,20101031,XLP,19.215904235839844,0.03192243293025743
2010-11-30,20101130,XLP,18.91535186767578,-0.01564081317617616
2010-12-31,20101231,XLP,19.74753761291504,0.043995255867344873
2011-01-31,20110131,XLP,19.457839965820312,-0.014670064327679144
2011-02-28,20110228,XLP,20.02378273010254,0.02908559044972936
2011-03-31,20110331,XLP,20.27326202392578,0.012459149062189478
2011-04-30,20110430,XLP,21.35739517211914,0.05347600928325713
2011-05-31,20110531,XLP,21.892681121826172,0.025063260074234872
2011-06-30,20110630,XLP,21.309284210205078,-0.02664803403359628
2011-07-31,20110731,XLP,21.036352157592773,-0.012808128603474911
2011-08-31,20110831,XLP,21.07729721069336,0.0019463951161231563
2011-09-30,20110930,XLP,20.382675170898438,-0.032955935139658776
2011-10-31,20111031,XLP,21.331022262573242,0.046527115980772527
2011-11-30,20111130,XLP,21.922025680541992,0.02770628667927033
2011-12-31,20111231,XLP,22.529329299926758,0.027702896996595117
2012-01-31,20120131,XLP,22.210351943969727,-0.014158315665352195
2012-02-29,20120229,XLP,23.04245948791504,0.037464851797237575
2012-03-31,20120331,XLP,23.756986618041992,0.03100915206129362
2012-04-30,20120430,XLP,23.826696395874023,0.0029342853516232115
2012-05-31,20120531,XLP,23.547855377197266,-0.01170288209678294
2012-06-30,20120630,XLP,24.404882431030273,0.036395121343530734
2012-07-31,20120731,XLP,25.008502960205078,0.024733597093969717
2012-08-31,20120831,XLP,24.889190673828125,-0.004770868794777949
2012-09-30,20120930,XLP,25.32640266418457,0.017566340187034957
2012-10-31,20121031,XLP,25.015390396118164,-0.012280159649606492
2012-11-30,20121130,XLP,25.4748592376709,0.018367446371096108
2012-12-31,20121231,XLP,24.945829391479492,-0.020766742664042104
2013-01-31,20130131,XLP,26.35393714904785,0.05644662021336977
2013-02-28,20130228,XLP,27.225971221923828,0.03308932809333509
2013-03-31,20130331,XLP,28.567264556884766,0.04926521533530659
2013-04-30,20130430,XLP,29.407678604125977,0.02941877916129254
2013-05-31,20130531,XLP,28.76838493347168,-0.02173900494698011
2013-06-30,20130630,XLP,28.6814022064209,-0.0030235526690821635
2013-07-31,20130731,XLP,29.924972534179688,0.043358072900647526
2013-08-31,20130831,XLP,28.565732955932617,-0.045421581479968776
2013-09-30,20130930,XLP,28.957387924194336,0.013710657061238862
2013-10-31,20131031,XLP,30.81269073486328,0.06407010243899847
2013-11-30,20131130,XLP,31.292890548706055,0.01558448166616766
2013-12-31,20131231,XLP,31.508785247802734,0.00689916128906809
2014-01-31,20140131,XLP,29.88128662109375,-0.05165221743426229
2014-02-28,20140228,XLP,31.046932220458984,0.039009217178164635
2014-03-31,20140331,XLP,31.72777557373047,0.021929488827975963
2014-04-30,20140430,XLP,32.597225189208984,0.02740342175763466
2014-05-31,20140531,XLP,33.18670654296875,0.018083789351337476
2014-06-30,20140630,XLP,33.102638244628906,-0.0025331919644088208
2014-07-31,20140731,XLP,32.004669189453125,-0.03316862683456756
2014-08-31,20140831,XLP,33.48100662231445,0.04612881402154412
2014-09-30,20140930,XLP,33.678138732910156,0.005887878844846872
2014-10-31,20141031,XLP,34.87267303466797,0.035469130620051637
2014-11-30,20141130,XLP,36.806297302246094,0.05544812310934266
2014-12-31,20141231,XLP,36.461910247802734,-0.0093567427229998
2015-01-31,20150131,XLP,36.10850143432617,-0.009692547951402508
2015-02-28,20150228,XLP,37.604862213134766,0.041440677939242665
2015-03-31,20150331,XLP,36.874332427978516,-0.01942647152955368
2015-04-30,20150430,XLP,36.59440994262695,-0.0075912556762429695
2015-05-31,20150531,XLP,36.91215515136719,0.008682889251074188
2015-06-30,20150630,XLP,36.235050201416016,-0.018343685086241623
2015-07-31,20150731,XLP,38.29801940917969,0.0569329750144254
2015-08-31,20150831,XLP,36.01430130004883,-0.059630188306382004
2015-09-30,20150930,XLP,36.15470504760742,0.0038985553652377547
2015-10-31,20151031,XLP,38.215641021728516,0.05700325784451343
2015-11-30,20151130,XLP,37.86320877075195,-0.009222199119365282
2015-12-31,20151231,XLP,38.96794128417969,0.029176938492363247
2016-01-31,20160131,XLP,39.17631912231445,0.0053474171656937575
2016-02-29,20160229,XLP,39.2998046875,0.0031520461327672056
2016-03-31,20160331,XLP,41.161964416503906,0.047383434696717464
2016-04-30,20160430,XLP,40.57238006591797,-0.014323523158907947
2016-05-31,20160531,XLP,40.851654052734375,0.006883352328916015
2016-06-30,20160630,XLP,43.04071044921875,0.05358550216004909
2016-07-31,20160731,XLP,42.689517974853516,-0.008159541761737055
2016-08-31,20160831,XLP,42.43977737426758,-0.005850162110826562
2016-09-30,20160930,XLP,41.78385543823242,-0.01545535760592509
2016-10-31,20161031,XLP,41.46188735961914,-0.007705561759116186
2016-11-30,20161130,XLP,39.71861267089844,-0.04204523237450419
2016-12-31,20161231,XLP,40.908809661865234,0.029965724151257866
2017-01-31,20170131,XLP,41.6049919128418,0.017017905354150153
2017-02-28,20170228,XLP,43.590702056884766,0.047727689701342335
2017-03-31,20170331,XLP,43.40646743774414,-0.004226465976625127
2017-04-30,20170430,XLP,43.88361740112305,0.01099260067784269
2017-05-31,20170531,XLP,45.04474639892578,0.02645928176771095
2017-06-30,20170630,XLP,44.02967071533203,-0.022534829580435956
2017-07-31,20170731,XLP,44.334205627441406,0.006916583911751317
2017-08-31,20170831,XLP,43.8453483581543,-0.011026638740190275
2017-09-30,20170930,XLP,43.53185272216797,-0.007150031821517633
2017-10-31,20171031,XLP,42.814117431640625,-0.016487588872178827
2017-11-30,20171130,XLP,45.20117950439453,0.05575408804269344
2017-12-31,20171231,XLP,46.219581604003906,0.02253043196605886
2018-01-31,20180131,XLP,46.975154876708984,0.01634747106061263
2018-02-28,20180228,XLP,43.39229202270508,-0.07627144313643008
2018-03-31,20180331,XLP,42.99877166748047,-0.009068899956211074
2018-04-30,20180430,XLP,41.217708587646484,-0.041421254858333145
2018-05-31,20180531,XLP,40.57227325439453,-0.015659175518684676
2018-06-30,20180630,XLP,42.42604446411133,0.0456905926392972
2018-07-31,20180731,XLP,44.10564041137695,0.03958879430031281
2018-08-31,20180831,XLP,44.278533935546875,0.003919986708215362
2018-09-30,20180930,XLP,44.71565246582031,0.009872019044481428
2018-10-31,20181031,XLP,45.611122131347656,0.020025866025589645
2018-11-30,20181130,XLP,46.647552490234375,0.022723193608394032
2018-12-31,20181231,XLP,42.489131927490234,-0.08914552512942031
2019-01-31,20190131,XLP,44.672996520996094,0.051398192771571205
2019-02-28,20190228,XLP,45.4678840637207,0.017793468193946005
2019-03-31,20190331,XLP,47.20613098144531,0.03823021355664036
2019-04-30,20190430,XLP,48.552223205566406,0.028515199109416134
2019-05-31,20190531,XLP,46.785465240478516,-0.03638881699829832
2019-06-30,20190630,XLP,49.22745895385742,0.052195563319227256
2019-07-31,20190731,XLP,50.38036346435547,0.023419947626764692
2019-08-31,20190831,XLP,51.47392654418945,0.0217061371660745
2019-09-30,20190930,XLP,52.37538146972656,0.01751284555226662
2019-10-31,20191031,XLP,52.15366744995117,-0.004233172409513486
2019-11-30,20191130,XLP,52.869964599609375,0.013734358189586349
2019-12-31,20191231,XLP,54.14557647705078,0.024127345026647262
2020-01-31,20200131,XLP,54.31752014160156,0.003175581012119455
2020-02-29,20200229,XLP,49.855552673339844,-0.082146008444968
2020-03-31,20200331,XLP,47.09749984741211,-0.05532087557024712
2020-04-30,20200430,XLP,50.3745231628418,0.06957955997763543
2020-05-31,20200531,XLP,51.213226318359375,0.016649351752797026
2020-06-30,20200630,XLP,51.09819793701172,-0.002246067854280498
2020-07-31,20200731,XLP,54.63603591918945,0.06923606164230667
2020-08-31,20200831,XLP,57.145633697509766,0.04593301355230417
2020-09-30,20200930,XLP,56.188568115234375,-0.016747833917486132
2020-10-31,20201031,XLP,54.57566833496094,-0.028705123379645814
2020-11-30,20201130,XLP,58.651756286621094,0.07468690858063276
2020-12-31,20201231,XLP,59.6201057434082,0.016510152774538378
2021-01-31,20210131,XLP,56.650146484375,-0.04981472645847451
2021-02-28,20210228,XLP,55.95186996459961,-0.012326120285814035
2021-03-31,20210331,XLP,60.706764221191406,0.08498186494214033
2021-04-30,20210430,XLP,61.835418701171875,0.018591906428550464
2021-05-31,20210531,XLP,62.92850875854492,0.01767741013698898
2021-06-30,20210630,XLP,62.585899353027344,-0.005444422762855616
2021-07-31,20210731,XLP,63.96337890625,0.0220094233279724
2021-08-31,20210831,XLP,64.63424682617188,0.010488312709451275
2021-09-30,20210930,XLP,61.95891571044922,-0.041391851024701
2021-10-31,20211031,XLP,64.12803649902344,0.0350090178903566
2021-11-30,20211130,XLP,63.26398849487305,-0.013473794791199478
2021-12-31,20211231,XLP,69.87803649902344,0.10454680714110198
2022-01-31,20220131,XLP,68.84495544433594,-0.014784059576458453
2022-02-28,20220228,XLP,67.87531280517578,-0.014084439925945658
2022-03-31,20220331,XLP,69.08441925048828,0.01781364085618331
2022-04-30,20220430,XLP,70.6774673461914,0.023059441086520582
2022-05-31,20220531,XLP,67.79174041748047,-0.04082951804959434
2022-06-30,20220630,XLP,66.20052337646484,-0.023472137331428056
2022-07-31,20220731,XLP,68.31916046142578,0.0320033283258625
2022-08-31,20220831,XLP,67.05347442626953,-0.018526077115231465
2022-09-30,20220930,XLP,61.60012435913086,-0.08132837431317674
2022-10-31,20221031,XLP,67.1480941772461,0.09006426327600203
2022-11-30,20221130,XLP,71.2560043334961,0.06117686892805385
2022-12-31,20221231,XLP,69.31244659423828,-0.02727570479761221
2023-01-31,20230131,XLP,68.55935668945312,-0.010865146763521683
2023-02-28,20230228,XLP,66.96949768066406,-0.02318952635437488
2023-03-31,20230331,XLP,69.79513549804688,0.042192907446559014
2023-04-30,20230430,XLP,72.34552764892578,0.03654111612048205
2023-05-31,20230531,XLP,67.88933563232422,-0.06159595708840937
2023-06-30,20230630,XLP,69.7822265625,0.027882006983060093
2023-07-31,20230731,XLP,71.26875305175781,0.021302365408567336
2023-08-31,20230831,XLP,68.45565032958984,-0.039471754474573184
2023-09-30,20230930,XLP,65.17805480957031,-0.047879108652668756
2023-10-31,20231031,XLP,64.27821350097656,-0.013805893889021426
2023-11-30,20231130,XLP,66.93041229248047,0.041261239960622254
2023-12-31,20231231,XLP,68.74532318115234,0.02711638590751342
2024-01-31,20240131,XLP,69.59473419189453,0.012355909775911389
2024-02-29,20240229,XLP,71.05496978759766,0.02098198394833717
2024-03-31,20240331,XLP,73.41441345214844,0.03320589216495051
2024-04-30,20240430,XLP,72.58759307861328,-0.011262371170125629
2024-05-31,20240531,XLP,74.35660552978516,0.024370727505126366
2024-06-30,20240630,XLP,74.1817855834961,-0.002351101762156582
2024-07-31,20240731,XLP,75.41202545166016,0.01658412315755542
2024-08-31,20240831,XLP,79.92608642578125,0.059858635901705703
2024-09-30,20240930,XLP,80.82798767089844,0.011284191250308329
2024-10-31,20241031,XLP,78.02336120605469,-0.03469870456583857
2024-11-30,20241130,XLP,81.042236328125,0.03869193886812505
2024-12-31,20241231,XLP,77.13373565673828,-0.04822794691353194
2025-01-31,20250131,XLP,77.49679565429688,0.00470688985133938
2025-02-28,20250228,XLP,81.5197982788086,0.05191185765225459
2025-03-31,20250331,XLP,80.56075286865234,-0.011764570452887813
2025-04-30,20250430,XLP,80.71858978271484,0.001959228389037504
2025-05-31,20250531,XLP,81.70500183105469,0.01222038257847613
2025-06-30,20250630,XLP,80.41816711425781,-0.015749766696752876
2025-07-31,20250731,XLP,79.23627471923828,-0.014696833283209587
2025-08-31,20250831,XLP,80.22945404052734,0.012534402012313706
2025-09-30,20250930,XLP,78.37000274658203,-0.02317666642734506
2025-10-31,20251031,XLP,76.27999877929688,-0.02666841768582573
2025-11-30,20251130,XLP,77.9000015258789,0.021237582230031693
1998-12-31,19981231,XLE,11.685770988464355,
1999-01-31,19990131,XLE,10.919236183166504,-0.06559556969365044
1999-02-28,19990228,XLE,10.825372695922852,-0.008596158711939528
1999-03-31,19990331,XLE,12.3557767868042,0.14137195400743496
1999-04-30,19990430,XLE,14.184802055358887,0.14802997011956887
1999-05-31,19990531,XLE,13.878661155700684,-0.021582317360752
1999-06-30,19990630,XLE,14.161977767944336,0.020413828759503927
1999-07-31,19990731,XLE,14.430234909057617,0.018942067662362838
1999-08-31,19990831,XLE,14.588017463684082,0.010934163970361066
1999-09-30,19990930,XLE,13.917115211486816,-0.045989954006254274
1999-10-31,19991031,XLE,13.711050987243652,-0.014806532899367286
1999-11-30,19991130,XLE,13.68727970123291,-0.001733731865840027
1999-12-31,19991231,XLE,13.78329086303711,0.007014627004046092
2000-01-31,20000131,XLE,13.89456558227539,0.008073160491496978
2000-02-29,20000229,XLE,13.306352615356445,-0.042334030771663644
2000-03-31,20000331,XLE,14.961978912353516,0.1244237504337864
2000-04-30,20000430,XLE,14.73867416381836,-0.014924813745779475
2000-05-31,20000531,XLE,16.469345092773438,0.11742378654408836
2000-06-30,20000630,XLE,15.563261985778809,-0.05501634108038744
2000-07-31,20000731,XLE,14.970224380493164,-0.03810496834323951
2000-08-31,20000831,XLE,16.605087280273438,0.1092076416643808
2000-09-30,20000930,XLE,16.878103256225586,0.016441706769978026
2000-10-31,20001031,XLE,16.419322967529297,-0.027181981395158594
2000-11-30,20001130,XLE,15.55811595916748,-0.052450823341798625
2000-12-31,20001231,XLE,17.146516799926758,0.10209467810421646
2001-01-31,20010131,XLE,16.600154876708984,-0.03186430979498456
2001-02-28,20010228,XLE,16.398664474487305,-0.01213786279213469
2001-03-31,20010331,XLE,15.909443855285645,-0.02983295499232752
2001-04-30,20010430,XLE,17.552213668823242,0.10325752606316363
2001-05-31,20010531,XLE,17.386383056640625,-0.009447846027374363
2001-06-30,20010630,XLE,15.8019380569458,-0.09113137531441051
2001-07-31,20010731,XLE,15.619702339172363,-0.011532491591645933
2001-08-31,20010831,XLE,14.95847225189209,-0.04233307862864877
2001-09-30,20010930,XLE,13.51897144317627,-0.09623314363094393
2001-10-31,20011031,XLE,14.063509941101074,0.04027958045577962
2001-11-30,20011130,XLE,13.278125762939453,-0.05584553084193511
2001-12-31,20011231,XLE,14.03732967376709,0.05717703871631108
2002-01-31,20020131,XLE,13.537872314453125,-0.03558065322404935
2002-02-28,20020228,XLE,14.000529289245605,0.03417501391991595
2002-03-31,20020331,XLE,15.239921569824219,0.08852467324436386
2002-04-30,20020430,XLE,14.691304206848145,-0.035998699892416997
2002-05-31,20020531,XLE,14.43282413482666,-0.01759408616023328
2002-06-30,20020630,XLE,13.90419864654541,-0.036626614676587566
2002-07-31,20020731,XLE,11.977775573730469,-0.13854973751353683
2002-08-31,20020831,XLE,12.158209800720215,0.015064084802646649
2002-09-30,20020930,XLE,11.290655136108398,-0.07135546094626732
2002-10-31,20021031,XLE,11.498758316040039,0.01843145303996674
2002-11-30,20021130,XLE,11.973649978637695,0.041299386381155045
2002-12-31,20021231,XLE,11.976428031921387,0.00023201390458615911
2003-01-31,20030131,XLE,11.676076889038086,-0.02507852442170233
2003-02-28,20030228,XLE,12.019330978393555,0.029398066886466623
2003-03-31,20030331,XLE,12.034008979797363,0.001221199535164974
2003-04-30,20030430,XLE,11.931568145751953,-0.008512610736570614
2003-05-31,20030531,XLE,13.198592185974121,0.106190906739553
2003-06-30,20030630,XLE,13.029097557067871,-0.012841871808598526
2003-07-31,20030731,XLE,12.568607330322266,-0.03534321734323065
2003-08-31,20030831,XLE,13.370401382446289,0.06379338864296158
2003-09-30,20030930,XLE,13.094703674316406,-0.020620002365212442
2003-10-31,20031031,XLE,13.219935417175293,0.00956354156409911
2003-11-30,20031130,XLE,13.323389053344727,0.007825578030814517
2003-12-31,20031231,XLE,15.067736625671387,0.13092371357937305
2004-01-31,20040131,XLE,15.406830787658691,0.022504651522085917
2004-02-29,20040229,XLE,16.216278076171875,0.052538208517326934
2004-03-31,20040331,XLE,16.114912033081055,-0.006250882145377612
2004-04-30,20040430,XLE,16.38953971862793,0.017041835846395736
2004-05-31,20040531,XLE,16.34010124206543,-0.0030164652217968824
2004-06-30,20040630,XLE,17.35915756225586,0.062365361456084845
2004-07-31,20040731,XLE,17.894046783447266,0.030813086365113707
2004-08-31,20040831,XLE,17.618331909179688,-0.01540819008714256
2004-09-30,20040930,XLE,19.33841323852539,0.09763020348421803
2004-10-31,20041031,XLE,19.454666137695312,0.006011501447198642
2004-11-30,20041130,XLE,20.76679039001465,0.0674452207523093
2004-12-31,20041231,XLE,20.18099594116211,-0.028208232367684882
2005-01-31,20050131,XLE,20.864442825317383,0.0338658650022956
2005-02-28,20050228,XLE,24.36501121520996,0.16777674914208163
2005-03-31,20050331,XLE,23.899789810180664,-0.019093830941431356
2005-04-30,20050430,XLE,22.60640525817871,-0.05411698438665791
2005-05-31,20050531,XLE,23.236377716064453,0.027866989496608596
2005-06-30,20050630,XLE,24.858097076416016,0.06979226195098343
2005-07-31,20050731,XLE,26.619688034057617,0.07086588133541816
2005-08-31,20050831,XLE,28.319787979125977,0.0638662610505889
2005-09-30,20050930,XLE,30.100059509277344,0.06286316590588803
2005-10-31,20051031,XLE,27.37999153137207,-0.09036752824581307
2005-11-30,20051130,XLE,27.789411544799805,0.014953255663304965
2005-12-31,20051231,XLE,28.289505004882812,0.017995827629411876
2006-01-31,20060131,XLE,32.42241287231445,0.14609332565975586
2006-02-28,20060228,XLE,29.430984497070312,-0.09226421201361379
2006-03-31,20060331,XLE,30.67995262145996,0.04243718467909141
2006-04-30,20060430,XLE,32.22524642944336,0.050368194079364326
2006-05-31,20060531,XLE,31.328514099121094,-0.02782701234839724
2006-06-30,20060630,XLE,32.12369918823242,0.025382151435443756
2006-07-31,20060731,XLE,33.1992073059082,0.033480207599184686
2006-08-31,20060831,XLE,31.51236915588379,-0.05080959115925099
2006-09-30,20060930,XLE,30.359371185302734,-0.03658874281643065
2006-10-31,20061031,XLE,31.654390335083008,0.04265632321156909
2006-11-30,20061130,XLE,34.36940002441406,0.08577039900597838
2006-12-31,20061231,XLE,33.4011116027832,-0.028172980062004083
2007-01-31,20070131,XLE,33.09345626831055,-0.009210931005272927
2007-02-28,20070228,XLE,32.415531158447266,-0.02048517097660918
2007-03-31,20070331,XLE,34.453731536865234,0.06287727843962321
2007-04-30,20070430,XLE,36.219871520996094,0.051261210479947694
2007-05-31,20070531,XLE,39.03767776489258,0.07779724569876079
2007-06-30,20070630,XLE,39.546566009521484,0.0130358226658287
2007-07-31,20070731,XLE,39.552303314208984,0.00014507719042211598
2007-08-31,20070831,XLE,40.02808380126953,0.012029147412247587
2007-09-30,20070930,XLE,42.98980712890625,0.07399113438307503
2007-10-31,20071031,XLE,44.081787109375,0.02540090438634479
2007-11-30,20071130,XLE,42.225406646728516,-0.04211218701366315
2007-12-31,20071231,XLE,45.72221755981445,0.08281296003473448
2008-01-31,20080131,XLE,40.10417938232422,-0.12287326550031474
2008-02-29,20080229,XLE,43.820743560791016,0.09267273974205437
2008-03-31,20080331,XLE,42.79695129394531,-0.02336318792549541
2008-04-30,20080430,XLE,47.24073791503906,0.10383418647211995
2008-05-31,20080531,XLE,49.696712493896484,0.051988488902828145
2008-06-30,20080630,XLE,51.26484680175781,0.031554085354316364
2008-07-31,20080731,XLE,43.10697937011719,-0.15913180162592233
2008-08-31,20080831,XLE,43.25181198120117,0.003359841334287239
2008-09-30,20080930,XLE,36.793968200683594,-0.1493080517256571
2008-10-31,20081031,XLE,29.87693214416504,-0.18799374992094608
2008-11-30,20081130,XLE,29.225919723510742,-0.021789801493438787
2008-12-31,20081231,XLE,27.910980224609375,-0.04499223673168329
2009-01-31,20090131,XLE,27.41434669494629,-0.017793482194695565
2009-02-28,20090228,XLE,24.031373977661133,-0.12340154426911043
2009-03-31,20090331,XLE,24.935964584350586,0.03764206772073608
2009-04-30,20090430,XLE,26.8857421875,0.07819138483911159
2009-05-31,20090531,XLE,30.350719451904297,0.12887787289782437
2009-06-30,20090630,XLE,28.36307716369629,-0.06548913251818478
2009-07-31,20090731,XLE,29.88010025024414,0.05348584280162605
2009-08-31,20090831,XLE,30.20475959777832,0.010865403556720832
2009-09-30,20090930,XLE,31.969438552856445,0.05842387023030393
2009-10-31,20091031,XLE,32.75799560546875,0.024665965006190227
2009-11-30,20091130,XLE,33.68886184692383,0.02841645907357271
2009-12-31,20091231,XLE,33.985477447509766,0.00880455985523354
2010-01-31,20100131,XLE,32.48917770385742,-0.04402762167938834
2010-02-28,20100228,XLE,33.46684265136719,0.030092018838435708
2010-03-31,20100331,XLE,34.4095573425293,0.028168617547302377
2010-04-30,20100430,XLE,35.83931350708008,0.041551135061642874
2010-05-31,20100531,XLE,31.73551368713379,-0.11450553647283401
2010-06-30,20100630,XLE,29.855039596557617,-0.05925456600812973
2010-07-31,20100731,XLE,32.35498046875,0.08373597576740899
2010-08-31,20100831,XLE,30.768470764160156,-0.0490344819129831
2010-09-30,20100930,XLE,33.843955993652344,0.09995573888171871
2010-10-31,20101031,XLE,35.76374435424805,0.056724703251469055
2010-11-30,20101130,XLE,37.85860824584961,0.05857507175007903
2010-12-31,20101231,XLE,41.38645553588867,0.09318481194896577
2011-01-31,20110131,XLE,44.35780334472656,0.0717951747827561
2011-02-28,20110228,XLE,47.62626647949219,0.07368406206603084
2011-03-31,20110331,XLE,48.52281951904297,0.018824760070933477
2011-04-30,20110430,XLE,48.96697998046875,0.009153640819480113
2011-05-31,20110531,XLE,46.91654968261719,-0.04187373406874206
2011-06-30,20110630,XLE,46.01472854614258,-0.019221812826716422
2011-07-31,20110731,XLE,46.68648147583008,0.014598650278114356
2011-08-31,20110831,XLE,41.91708755493164,-0.10215792173945659
2011-09-30,20110930,XLE,35.87119674682617,-0.14423451534371112
2011-10-31,20111031,XLE,42.73766326904297,0.19142005689632668
2011-11-30,20111130,XLE,43.448848724365234,0.016640719237390078
2011-12-31,20111231,XLE,42.561458587646484,-0.020423789416107563
2012-01-31,20120131,XLE,43.52192687988281,0.02256662069647919
2012-02-29,20120229,XLE,46.101593017578125,0.05927279242058825
2012-03-31,20120331,XLE,44.345157623291016,-0.03809923430666262
2012-04-30,20120430,XLE,44.029945373535156,-0.007108154906868669
2012-05-31,20120531,XLE,39.32659149169922,-0.10682170604424501
2012-06-30,20120630,XLE,41.218162536621094,0.04809903358446754
2012-07-31,20120731,XLE,43.25517272949219,0.04942020865343699
2012-08-31,20120831,XLE,44.4227180480957,0.026992039215866015
2012-09-30,20120930,XLE,45.80686950683594,0.031158639533079402
2012-10-31,20121031,XLE,44.877376556396484,-0.020291562388928153
2012-11-30,20121130,XLE,44.32842254638672,-0.012232310623592424
2012-12-31,20121231,XLE,44.78002166748047,0.01018757481435717
2013-01-31,20130131,XLE,48.49810028076172,0.08302985293062815
2013-02-28,20130228,XLE,48.71127700805664,0.004395568611158307
2013-03-31,20130331,XLE,49.949859619140625,0.025427019925573502
2013-04-30,20130430,XLE,49.294830322265625,-0.013113736492344263
2013-05-31,20130531,XLE,50.699337005615234,0.028491967092038495
2013-06-30,20130630,XLE,49.55009841918945,-0.02266772416172813
2013-07-31,20130731,XLE,52.15734100341797,0.05261831292788721
2013-08-31,20130831,XLE,51.619441986083984,-0.010313006893866272
2013-09-30,20130930,XLE,52.7108039855957,0.021142460234381044
2013-10-31,20131031,XLE,54.9232177734375,0.04197268151034805
2013-11-30,20131130,XLE,54.954994201660156,0.0005785609348989418
2013-12-31,20131231,XLE,56.53315734863281,0.028717374460663248
2014-01-31,20140131,XLE,53.25651931762695,-0.05795957955787345
2014-02-28,20140228,XLE,55.983829498291016,0.05121082293039336
2014-03-31,20140331,XLE,57.16421127319336,0.02108433427081602
2014-04-30,20140430,XLE,60.168113708496094,0.05254865532818753
2014-05-31,20140531,XLE,61.17584228515625,0.01674854860071595
2014-06-30,20140630,XLE,64.54866790771484,0.055133292760187746
2014-07-31,20140731,XLE,62.311065673828125,-0.034665351066358374
2014-08-31,20140831,XLE,63.67168426513672,0.021835906296818086
2014-09-30,20140930,XLE,58.73625946044922,-0.07751365244455899
2014-10-31,20141031,XLE,56.662139892578125,-0.03531242178041194
2014-11-30,20141130,XLE,51.736141204833984,-0.08693633345092511
2014-12-31,20141231,XLE,51.6270637512207,-0.002108341501184219
2015-01-31,20150131,XLE,49.272674560546875,-0.04560377870837484
2015-02-28,20150228,XLE,51.53574752807617,0.04592957430691946
2015-03-31,20150331,XLE,50.940425872802734,-0.01155162549935096
2015-04-30,20150430,XLE,54.28915786743164,0.06573820177692724
2015-05-31,20150531,XLE,51.47224426269531,-0.051887222336639116
2015-06-30,20150630,XLE,49.67924118041992,-0.034834367686098267
2015-07-31,20150731,XLE,45.858760833740234,-0.07690295294175009
2015-08-31,20150831,XLE,43.90888214111328,-0.042519218949159776
2015-09-30,20150930,XLE,40.75035095214844,-0.07193376453570455
2015-10-31,20151031,XLE,45.298126220703125,0.11160088593825757
2015-11-30,20151130,XLE,45.291473388671875,-0.0001468677092477666
2015-12-31,20151231,XLE,40.52818298339844,-0.10516969418055655
2016-01-31,20160131,XLE,39.11050796508789,-0.03497997970674549
2016-02-29,20160229,XLE,38.01533889770508,-0.028001913663724842
2016-03-31,20160331,XLE,41.87993621826172,0.10165889434672226
2016-04-30,20160430,XLE,45.67613220214844,0.09064474129335931
2016-05-31,20160531,XLE,45.24982833862305,-0.00933318656752069
2016-06-30,20160630,XLE,46.48094177246094,0.027207029927825754
2016-07-31,20160731,XLE,45.89516067504883,-0.012602608188958309
2016-08-31,20160831,XLE,46.664852142333984,0.01677064544418516
2016-09-30,20160930,XLE,48.38593673706055,0.036881818236068176
2016-10-31,20161031,XLE,47.02228927612305,-0.028182723181486624
2016-11-30,20161130,XLE,51.003623962402344,0.08466909517952659
2016-12-31,20161231,XLE,51.88636779785156,0.01730747281996936
2017-01-31,20170131,XLE,50.21928405761719,-0.03212951322261193
2017-02-28,20170228,XLE,49.17218780517578,-0.020850481485161332
2017-03-31,20170331,XLE,48.44148635864258,-0.014860055636090497
2017-04-30,20170430,XLE,47.01387023925781,-0.029470939615998448
2017-05-31,20170531,XLE,45.35065460205078,-0.03537712655313796
2017-06-30,20170630,XLE,45.30002212524414,-0.0011164662836939954
2017-07-31,20170731,XLE,46.486244201660156,0.026185905012063415
2017-08-31,20170831,XLE,43.93934631347656,-0.05478820524056527
2017-09-30,20170930,XLE,48.41338348388672,0.10182302527877907
2017-10-31,20171031,XLE,48.010414123535156,-0.008323511627434166
2017-11-30,20171130,XLE,48.851707458496094,0.017523142641432177
2017-12-31,20171231,XLE,51.4259033203125,0.05269408165525058
2018-01-31,20180131,XLE,53.269161224365234,0.0358429854420208
2018-02-28,20180228,XLE,47.49742889404297,-0.10835035126632109
2018-03-31,20180331,XLE,48.31584167480469,0.017230675424293684
2018-04-30,20180430,XLE,52.90301513671875,0.09494139609092511
2018-05-31,20180531,XLE,54.48700714111328,0.02994143151011297
2018-06-30,20180630,XLE,54.79733657836914,0.005695475922400162
2018-07-31,20180731,XLE,55.648799896240234,0.01553840699270781
2018-08-31,20180831,XLE,53.7149543762207,-0.03475089352556171
2018-09-30,20180930,XLE,55.02880859375,0.024459747435081836
2018-10-31,20181031,XLE,48.79502487182617,-0.11328218584459493
2018-11-30,20181130,XLE,48.03215026855469,-0.015634270200197475
2018-12-31,20181231,XLE,42.05733108520508,-0.12439208217711539
2019-01-31,20190131,XLE,46.77273941040039,0.11211858202895097
2019-02-28,20190228,XLE,47.85076141357422,0.02304808349399612
2019-03-31,20190331,XLE,48.86907196044922,0.021280968511111942
2019-04-30,20190430,XLE,48.8616828918457,-0.00015120132851087487
2019-05-31,20190531,XLE,43.436710357666016,-0.11102713236848083
2019-06-30,20190630,XLE,47.51765060424805,0.09395141144388708
2019-07-31,20190731,XLE,46.76436233520508,-0.0158528096289261
2019-08-31,20190831,XLE,42.871063232421875,-0.08325354839388577
2019-09-30,20190930,XLE,44.557735443115234,0.03934290599580437
2019-10-31,20191031,XLE,43.62442398071289,-0.020946115261936016
2019-11-30,20191130,XLE,44.324398040771484,0.01604546252273864
2019-12-31,20191231,XLE,46.9954833984375,0.06026219138292732
2020-01-31,20200131,XLE,41.82942581176758,-0.10992668258928229
2020-02-29,20200229,XLE,35.43446350097656,-0.15288190518245093
2020-03-31,20200331,XLE,23.255313873291016,-0.34370915838333194
2020-04-30,20200430,XLE,30.4095516204834,0.3076388384251869
2020-05-31,20200531,XLE,31.017745971679688,0.02000010913632222
2020-06-30,20200630,XLE,30.677934646606445,-0.010955384230159848
2020-07-31,20200731,XLE,29.20279884338379,-0.04808458653476644
2020-08-31,20200831,XLE,28.894807815551758,-0.010546627036805756
2020-09-30,20200930,XLE,24.67424774169922,-0.14606638330298738
2020-10-31,20201031,XLE,23.660919189453125,-0.041068265296436146
2020-11-30,20201130,XLE,30.28465461730957,0.27994412959277515
2020-12-31,20201231,XLE,31.641447067260742,0.044801318261548984
2021-01-31,20210131,XLE,32.82695007324219,0.03746677588611558
2021-02-28,20210228,XLE,40.19881820678711,0.22456756162534441
2021-03-31,20210331,XLE,41.393131256103516,0.029710153248106108
2021-04-30,20210430,XLE,41.67155838012695,0.006726408840654674
2021-05-31,20210531,XLE,44.050865173339844,0.057096659825123686
2021-06-30,20210630,XLE,45.91594314575195,0.042339190503365653
2021-07-31,20210731,XLE,42.09742736816406,-0.08316317853837163
2021-08-31,20210831,XLE,41.25361251831055,-0.020044332934502473
2021-09-30,20210930,XLE,44.938167572021484,0.08931472491228587
2021-10-31,20211031,XLE,49.57951736450195,0.10328302294573688
2021-11-30,20211130,XLE,47.094932556152344,-0.050113130188083055
2021-12-31,20211231,XLE,48.499961853027344,0.02983398044364427
2022-01-31,20220131,XLE,57.605716705322266,0.1877476703979417
2022-02-28,20220228,XLE,61.67797088623047,0.07069184125838612
2022-03-31,20220331,XLE,67.43782043457031,0.09338584693332908
2022-04-30,20220430,XLE,66.29975128173828,-0.016875829401043707
2022-05-31,20220531,XLE,76.93063354492188,0.1603457336967684
2022-06-30,20220630,XLE,63.79591369628906,-0.17073458573512323
2022-07-31,20220731,XLE,69.96048736572266,0.09662960074184479
2022-08-31,20220831,XLE,71.81612396240234,0.02652406617722991
2022-09-30,20220930,XLE,64.95140838623047,-0.09558738619429996
2022-10-31,20221031,XLE,81.16671752929688,0.24965292587102716
2022-11-30,20221130,XLE,82.20384979248047,0.012777802216890732
2022-12-31,20221231,XLE,79.69749450683594,-0.030489512254860296
2023-01-31,20230131,XLE,81.93891143798828,0.0281240576635704
2023-02-28,20230228,XLE,76.25341033935547,-0.06938707140301248
2023-03-31,20230331,XLE,76.25745391845703,5.302817386887426e-05
2023-04-30,20230430,XLE,78.37494659423828,0.02776768128195717
2023-05-31,20230531,XLE,70.5125961303711,-0.10031713966673617
2023-06-30,20230630,XLE,75.38739013671875,0.06913366226559892
2023-07-31,20230731,XLE,81.24787139892578,0.07773821658474667
2023-08-31,20230831,XLE,82.58526611328125,0.016460673877705334
2023-09-30,20230930,XLE,84.57005310058594,0.02403318510328689
2023-10-31,20231031,XLE,79.70486450195312,-0.057528503533588404
2023-11-30,20231130,XLE,79.13414001464844,-0.007160472461385403
2023-12-31,20231231,XLE,79.1952133178711,0.0007717693426800842
2024-01-31,20240131,XLE,78.78903198242188,-0.005128862192957273
2024-02-29,20240229,XLE,81.3677978515625,0.03273001081820581
2024-03-31,20240331,XLE,89.90031433105469,0.10486355419201421
2024-04-30,20240430,XLE,89.05282592773438,-0.009426979311768169
2024-05-31,20240531,XLE,88.74811553955078,-0.003421681288709011
2024-06-30,20240630,XLE,87.49307250976562,-0.014141630187356924
2024-07-31,20240731,XLE,89.47041320800781,0.022599968677765814
2024-08-31,20240831,XLE,87.61784362792969,-0.020705946397845842
2024-09-30,20240930,XLE,84.97345733642578,-0.030180910440267494
2024-10-31,20241031,XLE,85.73802185058594,0.00899768631436415
2024-11-30,20241130,XLE,92.45460510253906,0.07833844433287718
2024-12-31,20241231,XLE,83.59784698486328,-0.09579574871206231
2025-01-31,20250131,XLE,85.53016662597656,0.023114466589829297
2025-02-28,20250228,XLE,88.80928802490234,0.038338770147208656
2025-03-31,20250331,XLE,91.9115982055664,0.03493227172133362
2025-04-30,20250430,XLE,79.17478942871094,-0.13857673052718278
2025-05-31,20250531,XLE,80.18782806396484,0.012794964692214972
2025-06-30,20250630,XLE,84.09239196777344,0.04869272554300852
2025-07-31,20250731,XLE,86.47208404541016,0.028298541900778407
2025-08-31,20250831,XLE,89.62517547607422,0.036463691900940454
2025-09-30,20250930,XLE,89.33999633789062,-0.0031819088405548035
2025-10-31,20251031,XLE,88.12999725341797,-0.01354375569813493
2025-11-30,20251130,XLE,89.41999816894531,0.014637478222289557
1998-12-31,19981231,XLF,11.320433616638184,
1999-01-31,19990131,XLF,11.516651153564453,0.017333040727157245
1999-02-28,19990228,XLF,11.697774887084961,0.0157271181618146
1999-03-31,19990331,XLF,12.076913833618164,0.03241120214681126
1999-04-30,19990430,XLF,12.924418449401855,0.07017559514455729
1999-05-31,19990531,XLF,12.145017623901367,-0.06030451803706183
1999-06-30,19990630,XLF,12.671936988830566,0.04338564020625402
1999-07-31,19990731,XLF,11.897963523864746,-0.06107775517255365
1999-08-31,19990831,XLF,11.374391555786133,-0.044005175089706805
1999-09-30,19990930,XLF,10.780519485473633,-0.052211326416875314
1999-10-31,19991031,XLF,12.455461502075195,0.15536746803885348
1999-11-30,19991130,XLF,11.907297134399414,-0.04400996041651706
1999-12-31,19991231,XLF,11.622429847717285,-0.023923757294941894
2000-01-31,20000131,XLF,11.278573036193848,-0.029585621597963296
2000-02-29,20000229,XLF,10.071244239807129,-0.10704623647976597
2000-03-31,20000331,XLF,11.910496711730957,0.18262415528104103
2000-04-30,20000430,XLF,12.025541305541992,0.009659092865348384
2000-05-31,20000531,XLF,12.293964385986328,0.022321080908069613
2000-06-30,20000630,XLF,11.697689056396484,-0.04850146875889172
2000-07-31,20000731,XLF,12.728926658630371,0.08815737854392602
2000-08-31,20000831,XLF,14.021833419799805,0.10157233173252878
2000-09-30,20000930,XLF,14.326665878295898,0.021739843098239175
2000-10-31,20001031,XLF,14.203163146972656,-0.008620479626759603
2000-11-30,20001130,XLF,13.47756290435791,-0.051087228605791624
2000-12-31,20001231,XLF,14.627574920654297,0.08532789084030434
2001-01-31,20010131,XLF,14.592872619628906,-0.002372389217873083
2001-02-28,20010228,XLF,13.611082077026367,-0.06727877150671013
2001-03-31,20010331,XLF,13.203399658203125,-0.029952241601081342
2001-04-30,20010430,XLF,13.680990219116211,0.03617178706064261
2001-05-31,20010531,XLF,14.282958030700684,0.04400031006113525
2001-06-30,20010630,XLF,14.180743217468262,-0.007156417670115323
2001-07-31,20010731,XLF,14.045929908752441,-0.009506787242981263
2001-08-31,20010831,XLF,13.117186546325684,-0.06612188502008898
2001-09-30,20010930,XLF,12.378097534179688,-0.05634508661867177
2001-10-31,20011031,XLF,12.202554702758789,-0.014181729537691146
2001-11-30,20011130,XLF,12.994991302490234,0.06494022104668695
2001-12-31,20011231,XLF,13.248108863830566,0.019478086244800075
2002-01-31,20020131,XLF,13.0969877243042,-0.01140699711027826
2002-02-28,20020228,XLF,12.870314598083496,-0.017307271793502887
2002-03-31,20020331,XLF,13.72181510925293,0.06616003864398379
2002-04-30,20020430,XLF,13.37308120727539,-0.025414560624882676
2002-05-31,20020531,XLF,13.332659721374512,-0.003022600795909991
2002-06-30,20020630,XLF,12.762372016906738,-0.04277373880273161
2002-07-31,20020731,XLF,11.701383590698242,-0.08313410898874984
2002-08-31,20020831,XLF,11.919672966003418,0.018655005505391786
2002-09-30,20020930,XLF,10.54967975616455,-0.11493546960107714
2002-10-31,20021031,XLF,11.514307975769043,0.09143673001456043
2002-11-30,20021130,XLF,11.94303035736084,0.03723388174903852
2002-12-31,20021231,XLF,11.295863151550293,-0.05418785571550344
2003-01-31,20030131,XLF,11.152099609375,-0.01272709665888283
2003-02-28,20030228,XLF,10.808088302612305,-0.03084722328641165
2003-03-31,20030331,XLF,10.70711612701416,-0.00934227892769346
2003-04-30,20030430,XLF,12.053236961364746,0.1257220729075974
2003-05-31,20030531,XLF,12.666996002197266,0.05092068153972695
2003-06-30,20030630,XLF,12.720649719238281,0.0042357096372105385
2003-07-31,20030731,XLF,13.275070190429688,0.043584288808213856
2003-08-31,20030831,XLF,13.119620323181152,-0.011709909252352046
2003-09-30,20030930,XLF,13.235950469970703,0.008866883638698475
2003-10-31,20031031,XLF,14.152718544006348,0.06926348629934642
2003-11-30,20031130,XLF,14.100635528564453,-0.003680071449167044
2003-12-31,20031231,XLF,14.740172386169434,0.04535517965196911
2004-01-31,20040131,XLF,15.222262382507324,0.032705858772061
2004-02-29,20040229,XLF,15.657188415527344,0.028571707811305025
2004-03-31,20040331,XLF,15.475341796875,-0.011614257542689188
2004-04-30,20040430,XLF,14.801578521728516,-0.04353786068121224
2004-05-31,20040531,XLF,15.054242134094238,0.017070045062749006
2004-06-30,20040630,XLF,15.120820045471191,0.004422534909689579
2004-07-31,20040731,XLF,14.798089981079102,-0.021343423400422612
2004-08-31,20040831,XLF,15.279550552368164,0.03253531853804503
2004-09-30,20040930,XLF,15.138916015625,-0.009204101669166409
2004-10-31,20041031,XLF,15.21869945526123,0.005270089321711469
2004-11-30,20041130,XLF,15.692137718200684,0.031108983019950687
2004-12-31,20041231,XLF,16.340909957885742,0.04134377682223467
2005-01-31,20050131,XLF,15.987650871276855,-0.02161807925747805
2005-02-28,20050228,XLF,15.880595207214355,-0.006696147227910454
2005-03-31,20050331,XLF,15.27639102935791,-0.03804669598164445
2005-04-30,20050430,XLF,15.303288459777832,0.0017607189007031732
2005-05-31,20050531,XLF,15.755287170410156,0.0295360511448457
2005-06-30,20050630,XLF,15.951672554016113,0.012464728918098356
2005-07-31,20050731,XLF,16.200658798217773,0.015608786060429258
2005-08-31,20050831,XLF,15.935440063476562,-0.016370861089327282
2005-09-30,20050930,XLF,16.071807861328125,0.008557516912514496
2005-10-31,20051031,XLF,16.561800003051758,0.030487680412273344
2005-11-30,20051130,XLF,17.351240158081055,0.04766632581505825
2005-12-31,20051231,XLF,17.354780197143555,0.0002040222502972533
2006-01-31,20060131,XLF,17.50821304321289,0.008840955882263968
2006-02-28,20060228,XLF,17.880844116210938,0.021283215601634264
2006-03-31,20060331,XLF,17.93267059326172,0.002898435706611524
2006-04-30,20060430,XLF,18.709476470947266,0.043317913728780244
2006-05-31,20060531,XLF,18.004297256469727,-0.03769101800216412
2006-06-30,20060630,XLF,17.921022415161133,-0.004625275850667743
2006-07-31,20060731,XLF,18.331083297729492,0.022881556256603375
2006-08-31,20060831,XLF,18.547203063964844,0.011789797838195337
2006-09-30,20060930,XLF,19.29378318786621,0.04025297622108259
2006-10-31,20061031,XLF,19.74519920349121,0.023396967366612342
2006-11-30,20061130,XLF,19.884525299072266,0.00705620106159377
2006-12-31,20061231,XLF,20.63286018371582,0.03763403316841907
2007-01-31,20070131,XLF,20.823795318603516,0.009253934412757125
2007-02-28,20070228,XLF,20.18919563293457,-0.03047473699964809
2007-03-31,20070331,XLF,20.093740463256836,-0.004728032330422294
2007-04-30,20070430,XLF,20.87199592590332,0.038731238918388255
2007-05-31,20070531,XLF,21.3739070892334,0.024047109107911302
2007-06-30,20070630,XLF,20.515451431274414,-0.040163721792886964
2007-07-31,20070731,XLF,18.65557098388672,-0.09065754432059114
2007-08-31,20070831,XLF,19.137548446655273,0.025835578186529373
2007-09-30,20070930,XLF,19.604745864868164,0.024412605382302388
2007-10-31,20071031,XLF,19.267717361450195,-0.017191169206734025
2007-11-30,20071130,XLF,17.70825958251953,-0.08093630136233687
2007-12-31,20071231,XLF,16.676353454589844,-0.05827258873866514
2008-01-31,20080131,XLF,16.797409057617188,0.007259117129951864
2008-02-29,20080229,XLF,14.889399528503418,-0.11358951386901761
2008-03-31,20080331,XLF,14.451631546020508,-0.029401318813755517
2008-04-30,20080430,XLF,15.462721824645996,0.06996374598990585
2008-05-31,20080531,XLF,14.387714385986328,-0.06952252332097286
2008-06-30,20080630,XLF,11.877140998840332,-0.1744942469521984
2008-07-31,20080731,XLF,12.680283546447754,0.06762086496117536
2008-08-31,20080831,XLF,12.55717945098877,-0.009708307784132342
2008-09-30,20080930,XLF,11.772013664245605,-0.06252724107413621
2008-10-31,20081031,XLF,9.191521644592285,-0.2192056595628058
2008-11-30,20081130,XLF,7.492893695831299,-0.18480378053185054
2008-12-31,20081231,XLF,7.520671367645264,0.003707202176032265
2009-01-31,20090131,XLF,5.550398826599121,-0.26198093823411384
2009-02-28,20090228,XLF,4.565262794494629,-0.17748923327517196
2009-03-31,20090331,XLF,5.3451828956604,0.1708379421456958
2009-04-30,20090430,XLF,6.5100789070129395,0.21793379835482973
2009-05-31,20090531,XLF,7.4201555252075195,0.13979502110400022
2009-06-30,20090630,XLF,7.287664413452148,-0.017855570722914993
2009-07-31,20090731,XLF,7.934099197387695,0.08870260034782973
2009-08-31,20090831,XLF,8.964741706848145,0.12990038110435886
2009-09-30,20090930,XLF,9.13934326171875,0.01947647356501392
2009-10-31,20091031,XLF,8.594900131225586,-0.05957136250409045
2009-11-30,20091130,XLF,8.968060493469238,0.04341648611924498
2009-12-31,20091231,XLF,8.841710090637207,-0.014088932933050913
2010-01-31,20100131,XLF,8.706625938415527,-0.015278057167326109
2010-02-28,20100228,XLF,9.013628959655762,0.03526084885370695
2010-03-31,20100331,XLF,9.815744400024414,0.0889891789376791
2010-04-30,20100430,XLF,9.944977760314941,0.01316592558076457
2010-05-31,20100531,XLF,9.034173011779785,-0.09158439269413832
2010-06-30,20100630,XLF,8.516634941101074,-0.057286712353625036
2010-07-31,20100731,XLF,9.071662902832031,0.06516986645187828
2010-08-31,20100831,XLF,8.362460136413574,-0.07817781304429372
2010-09-30,20100930,XLF,8.869538307189941,0.06063743952193468
2010-10-31,20101031,XLF,8.999333381652832,0.014633802794185469
2010-11-30,20101130,XLF,8.937525749206543,-0.006868023421856773
2010-12-31,20101231,XLF,9.8942232131958,0.10704276450047612
2011-01-31,20110131,XLF,10.173369407653809,0.028213048002162955
2011-02-28,20110228,XLF,10.4525146484375,0.027438818900420436
2011-03-31,20110331,XLF,10.193775177001953,-0.024753801371062867
2011-04-30,20110430,XLF,10.187554359436035,-0.000610256500452655
2011-05-31,20110531,XLF,9.851699829101562,-0.032967139951836755
2011-06-30,20110630,XLF,9.581233024597168,-0.02745382108633121
2011-07-31,20110731,XLF,9.237934112548828,-0.03583034784427164
2011-08-31,20110831,XLF,8.351585388183594,-0.09594663845471862
2011-09-30,20110930,XLF,7.4002580642700195,-0.11390978834504628
2011-10-31,20111031,XLF,8.459228515625,0.14309912467349073
2011-11-30,20111130,XLF,8.026864051818848,-0.051111571582152404
2011-12-31,20111231,XLF,8.198101043701172,0.021332987674498316
2012-01-31,20120131,XLF,8.866558074951172,0.08153803273303084
2012-02-29,20120229,XLF,9.30799388885498,0.049786603795096696
2012-03-31,20120331,XLF,9.99565601348877,0.07387866094939843
2012-04-30,20120430,XLF,9.761580467224121,-0.023417727255596987
2012-05-31,20120531,XLF,8.863237380981445,-0.09202844654705133
2012-06-30,20120630,XLF,9.3063325881958,0.04999247883906843
2012-07-31,20120731,XLF,9.319046020507812,0.0013661055191749316
2012-08-31,20120831,XLF,9.636886596679688,0.03410655720257472
2012-09-30,20120930,XLF,9.951406478881836,0.03263708450305036
2012-10-31,20121031,XLF,10.149287223815918,0.019884701258461313
2012-11-30,20121130,XLF,10.059920310974121,-0.008805240296293149
2012-12-31,20121231,XLF,10.527624130249023,0.04649180160648947
2013-01-31,20130131,XLF,11.163517951965332,0.060402405504694556
2013-02-28,20130228,XLF,11.298407554626465,0.012083073027834068
2013-03-31,20130331,XLF,11.736088752746582,0.03873830856286431
2013-04-30,20130430,XLF,12.05188274383545,0.02690794162705723
2013-05-31,20130531,XLF,12.786598205566406,0.06096271241161588
2013-06-30,20130630,XLF,12.585772514343262,-0.01570595149660048
2013-07-31,20130731,XLF,13.258740425109863,0.05347052872596092
2013-08-31,20130831,XLF,12.579300880432129,-0.05124465242497611
2013-09-30,20130930,XLF,12.93423843383789,0.028215999981198392
2013-10-31,20131031,XLF,13.36299991607666,0.0331493411407251
2013-11-30,20131130,XLF,13.954171180725098,0.04423941243442009
2013-12-31,20131231,XLF,14.267804145812988,0.02247592931360276
2014-01-31,20140131,XLF,13.745657920837402,-0.03659611665813445
2014-02-28,20140228,XLF,14.163374900817871,0.03038901319865084
2014-03-31,20140331,XLF,14.635129928588867,0.03330809436836657
2014-04-30,20140430,XLF,14.386195182800293,-0.0170093977302036
2014-05-31,20140531,XLF,14.602377891540527,0.015027094099119065
2014-06-30,20140630,XLF,14.956132888793945,0.024225848685805795
2014-07-31,20140731,XLF,14.739099502563477,-0.014511330425064806
2014-08-31,20140831,XLF,15.363914489746094,0.042391666266582195
2014-09-30,20140930,XLF,15.301929473876953,-0.004034454624861961
2014-10-31,20141031,XLF,15.744412422180176,0.028916807456119686
2014-11-30,20141130,XLF,16.11424446105957,0.02348973267229648
2014-12-31,20141231,XLF,16.41561508178711,0.018702125405618997
2015-01-31,20150131,XLF,15.273895263671875,-0.06955084000367162
2015-02-28,20150228,XLF,16.16337776184082,0.058235471882835954
2015-03-31,20150331,XLF,16.063812255859375,-0.006159944254752525
2015-04-30,20150430,XLF,16.077133178710938,0.0008292504070261941
2015-05-31,20150531,XLF,16.390281677246094,0.019477881725195934
2015-06-30,20150630,XLF,16.314725875854492,-0.004609792734464824
2015-07-31,20150731,XLF,16.870141983032227,0.03404385163465973
2015-08-31,20150831,XLF,15.678993225097656,-0.07060691955838971
2015-09-30,20150930,XLF,15.23787784576416,-0.028134164802584016
2015-10-31,20151031,XLF,16.192758560180664,0.06266494088492403
2015-11-30,20151130,XLF,16.515544891357422,0.019933992715145843
2015-12-31,20151231,XLF,16.125059127807617,-0.023643528937040692
2016-01-31,20160131,XLF,14.697282791137695,-0.08854394426422452
2016-02-29,20160229,XLF,14.270980834960938,-0.02900549456895618
2016-03-31,20160331,XLF,15.29266357421875,0.07159162716797307
2016-04-30,20160430,XLF,15.843199729919434,0.036000017461236045
2016-05-31,20160531,XLF,16.142257690429688,0.01887610871593637
2016-06-30,20160630,XLF,15.620427131652832,-0.03232698726437966
2016-07-31,20160731,XLF,16.160234451293945,0.03455778226110495
2016-08-31,20160831,XLF,16.782052993774414,0.03847831195485418
2016-09-30,20160930,XLF,16.311843872070312,-0.02801856971125838
2016-10-31,20161031,XLF,16.68372917175293,0.022798483273823722
2016-11-30,20161130,XLF,19.024860382080078,0.1403242156610225
2016-12-31,20161231,XLF,19.73952293395996,0.03756466736297526
2017-01-31,20170131,XLF,19.79046058654785,0.0025804905598938443
2017-02-28,20170228,XLF,20.834745407104492,0.05276708017935028
2017-03-31,20170331,XLF,20.21884536743164,-0.029561198259846933
2017-04-30,20170430,XLF,20.04844093322754,-0.008428000269421254
2017-05-31,20170531,XLF,19.80986785888672,-0.011899831769233371
2017-06-30,20170630,XLF,21.100154876708984,0.06513354995669207
2017-07-31,20170731,XLF,21.459373474121094,0.017024453114731664
2017-08-31,20170831,XLF,21.125812530517578,-0.015543834213322838
2017-09-30,20170930,XLF,22.210195541381836,0.05132976586333893
2017-10-31,20171031,XLF,22.845748901367188,0.028615387865505104
2017-11-30,20171130,XLF,23.635910034179688,0.03458679057639524
2017-12-31,20171231,XLF,24.082185745239258,0.018881257815511088
2018-01-31,20180131,XLF,25.661211013793945,0.06556818742529802
2018-02-28,20180228,XLF,24.910524368286133,-0.029253749758898273
2018-03-31,20180331,XLF,23.87541389465332,-0.041553138678631085
2018-04-30,20180430,XLF,23.77149772644043,-0.004352434209995537
2018-05-31,20180531,XLF,23.53767967224121,-0.009836067415270544
2018-06-30,20180630,XLF,23.126489639282227,-0.017469437883629424
2018-07-31,20180731,XLF,24.309341430664062,0.051147053004216625
2018-08-31,20180831,XLF,24.639842987060547,0.013595660636844142
2018-09-30,20180930,XLF,24.093952178955078,-0.02215480059642183
2018-10-31,20181031,XLF,22.958274841308594,-0.047135369457504184
2018-11-30,20181130,XLF,23.56105613708496,0.026255513532392527
2018-12-31,20181231,XLF,20.9389591217041,-0.11128945154770442
2019-01-31,20190131,XLF,22.80254554748535,0.08900091045354608
2019-02-28,20190228,XLF,23.312393188476562,0.022359242301675186
2019-03-31,20190331,XLF,22.71573829650879,-0.02559389279101143
2019-04-30,20190430,XLF,24.7567081451416,0.08984827268178619
2019-05-31,20190531,XLF,22.980796813964844,-0.07173455052121991
2019-06-30,20190630,XLF,24.509872436523438,0.06653710203944763
2019-07-31,20190731,XLF,25.087095260620117,0.023550625389487045
2019-08-31,20190831,XLF,23.906007766723633,-0.047079483759543406
2019-09-30,20190930,XLF,24.991849899291992,0.04542130761288443
2019-10-31,20191031,XLF,25.616649627685547,0.025000139281856626
2019-11-30,20191130,XLF,26.910869598388672,0.05052260890918303
2019-12-31,20191231,XLF,27.61304473876953,0.026092621712339836
2020-01-31,20200131,XLF,26.87741470336914,-0.02664067082640631
2020-02-29,20200229,XLF,23.854156494140625,-0.11248322216234374
2020-03-31,20200331,XLF,18.83620834350586,-0.21035948816162675
2020-04-30,20200430,XLF,20.61850357055664,0.09462070043758364
2020-05-31,20200531,XLF,21.179426193237305,0.0272048173021473
2020-06-30,20200630,XLF,21.06869888305664,-0.005228059965855958
2020-07-31,20200731,XLF,21.8790340423584,0.03846156631691322
2020-08-31,20200831,XLF,22.816837310791016,0.04286310202804233
2020-09-30,20200930,XLF,22.035991668701172,-0.03422234341481456
2020-10-31,20201031,XLF,21.843732833862305,-0.008724764364108073
2020-11-30,20201130,XLF,25.524030685424805,0.16848300972887187
2020-12-31,20201231,XLF,27.133588790893555,0.06306049876314668
2021-01-31,20210131,XLF,26.64577293395996,-0.017978302121881895
2021-02-28,20210228,XLF,29.738344192504883,0.11606235879175597
2021-03-31,20210331,XLF,31.478742599487305,0.05852371590416472
2021-04-30,20210430,XLF,33.52185821533203,0.06490461330809327
2021-05-31,20210531,XLF,35.12122344970703,0.04771111506114223
2021-06-30,20210630,XLF,34.05375671386719,-0.030393779913972407
2021-07-31,20210731,XLF,33.895965576171875,-0.004633589739338695
2021-08-31,20210831,XLF,35.6408805847168,0.051478545569787704
2021-09-30,20210930,XLF,34.984195709228516,-0.018425046315210136
2021-10-31,20211031,XLF,37.52901840209961,0.07274206656120996
2021-11-30,20211130,XLF,35.38504409790039,-0.05712844075024548
2021-12-31,20211231,XLF,36.575496673583984,0.033642817354980536
2022-01-31,20220131,XLF,36.584861755371094,0.0002560479730648879
2022-02-28,20220228,XLF,36.07908248901367,-0.013824823768349148
2022-03-31,20220331,XLF,36.03217697143555,-0.0013000751222652651
2022-04-30,20220430,XLF,32.44965362548828,-0.09942567024987992
2022-05-31,20220531,XLF,33.35233688354492,0.0278179628194124
2022-06-30,20220630,XLF,29.72998046875,-0.10860877387521495
2022-07-31,20220731,XLF,31.866378784179688,0.07186006454579785
2022-08-31,20220831,XLF,31.242477416992188,-0.019578671659336466
2022-09-30,20220930,XLF,28.850568771362305,-0.07655950626786623
2022-10-31,20221031,XLF,32.29058837890625,0.11923576393955115
2022-11-30,20221130,XLF,34.50474548339844,0.06856973550654089
2022-12-31,20221231,XLF,32.70343780517578,-0.052204635999686944
2023-01-31,20230131,XLF,34.960174560546875,0.06900610170756827
2023-02-28,20230228,XLF,34.15693283081055,-0.02297590729546295
2023-03-31,20230331,XLF,30.89573097229004,-0.09547701120221219
2023-04-30,20230430,XLF,31.875934600830078,0.03172618344648237
2023-05-31,20230531,XLF,30.520946502685547,-0.0425081841556183
2023-06-30,20230630,XLF,32.540225982666016,0.0661604475406028
2023-07-31,20230731,XLF,34.1040153503418,0.04805711455442263
2023-08-31,20230831,XLF,33.186981201171875,-0.02688933076499833
2023-09-30,20230930,XLF,32.16209030151367,-0.030882317781347757
2023-10-31,20231031,XLF,31.376699447631836,-0.024419770186543843
2023-11-30,20231130,XLF,34.809139251708984,0.10939454641511737
2023-12-31,20231231,XLF,36.63797378540039,0.05253891860028159
2024-01-31,20240131,XLF,37.76829147338867,0.03085098795607233
2024-02-29,20240229,XLF,39.30786895751953,0.04076375774677654
2024-03-31,20240331,XLF,41.19685363769531,0.048056145760972946
2024-04-30,20240430,XLF,39.475425720214844,-0.04178542207663538
2024-05-31,20240531,XLF,40.72737121582031,0.03171455336488904
2024-06-30,20240630,XLF,40.36819076538086,-0.008819141518761509
2024-07-31,20240731,XLF,42.95073699951172,0.06397478274764823
2024-08-31,20240831,XLF,44.91465377807617,0.045724867971107974
2024-09-30,20240930,XLF,44.66362380981445,-0.005589043823026274
2024-10-31,20241031,XLF,45.80682373046875,0.025595771752024543
2024-11-30,20241130,XLF,50.596439361572266,0.1045611819602692
2024-12-31,20241231,XLF,47.833160400390625,-0.05461409925379723
2025-01-31,20250131,XLF,50.940879821777344,0.06496997888856493
2025-02-28,20250228,XLF,51.64358139038086,0.013794452923899136
2025-03-31,20250331,XLF,49.47700500488281,-0.04195248135718166
2025-04-30,20250430,XLF,48.43402099609375,-0.02108017671413487
2025-05-31,20250531,XLF,50.61931610107422,0.045119010564014905
2025-06-30,20250630,XLF,52.19816589355469,0.031190658311698538
2025-07-31,20250731,XLF,52.19816589355469,0.0
2025-08-31,20250831,XLF,53.8128547668457,0.030933823931357685
2025-09-30,20250930,XLF,53.869998931884766,0.0010619054738250089
2025-10-31,20251031,XLF,52.369998931884766,-0.027844812135538688
2025-11-30,20251130,XLF,51.66999816894531,-0.013366446003749477
1998-12-31,19981231,XLV,17.585933685302734,
1999-01-31,19990131,XLV,18.4314022064209,0.04807640789779377
1999-02-28,19990228,XLV,18.45254898071289,0.0011473231420573438
1999-03-31,19990331,XLV,18.93869400024414,0.02634568373395907
1999-04-30,19990430,XLV,19.615066528320312,0.03571378934933178
1999-05-31,19990531,XLV,19.01266098022461,-0.030711369101193098
1999-06-30,19990630,XLV,19.847578048706055,0.043913740919793165
1999-07-31,19990731,XLV,19.255748748779297,-0.029818716342840723
1999-08-31,19990831,XLV,18.389135360717773,-0.0450054370446884
1999-09-30,19990930,XLV,18.135486602783203,-0.013793403167633778
1999-10-31,19991031,XLV,19.054941177368164,0.05069919515938737
1999-11-30,19991130,XLV,19.276884078979492,0.011647524888449112
1999-12-31,19991231,XLV,21.01612663269043,0.09022425754001895
2000-01-31,20000131,XLV,20.484615325927734,-0.025290640661440156
2000-02-29,20000229,XLV,19.145204544067383,-0.06538618180274225
2000-03-31,20000331,XLV,20.86730194091797,0.08994928170585781
2000-04-30,20000430,XLV,20.622806549072266,-0.011716674850344666
2000-05-31,20000531,XLV,20.070039749145508,-0.026803665088524276
2000-06-30,20000630,XLV,20.112550735473633,0.002118131645949317
2000-07-31,20000731,XLV,19.814899444580078,-0.014799281046365298
2000-08-31,20000831,XLV,20.51650619506836,0.0354080399171639
2000-09-30,20000930,XLV,19.772380828857422,-0.03626959479045244
2000-10-31,20001031,XLV,20.070039749145508,0.015054278129908338
2000-11-30,20001130,XLV,18.24161720275879,-0.09110208894651362
2000-12-31,20001231,XLV,18.54261589050293,0.016500658050132788
2001-01-31,20010131,XLV,19.883134841918945,0.07229395028899877
2001-02-28,20010228,XLV,19.502063751220703,-0.019165543749914304
2001-03-31,20010331,XLV,18.25334358215332,-0.06403015521827637
2001-04-30,20010430,XLV,19.600900650024414,0.07382521792821728
2001-05-31,20010531,XLV,20.349546432495117,0.038194458297495126
2001-06-30,20010630,XLV,20.11967658996582,-0.011296067128170995
2001-07-31,20010731,XLV,19.71796226501465,-0.01996624166173311
2001-08-31,20010831,XLV,18.717079162597656,-0.05075996641868252
2001-09-30,20010930,XLV,16.00698471069336,-0.14479259441931935
2001-10-31,20011031,XLV,16.088741302490234,0.005107557311669009
2001-11-30,20011130,XLV,17.955074310302734,0.11600242509484726
2001-12-31,20011231,XLV,18.389484405517578,0.024194279996133217
2002-01-31,20020131,XLV,18.253019332885742,-0.007420821031333014
2002-02-28,20020228,XLV,19.092315673828125,0.04598123333109361
2002-03-31,20020331,XLV,20.19993019104004,0.0580136289455051
2002-04-30,20020430,XLV,20.077058792114258,-0.006082763542434533
2002-05-31,20020531,XLV,20.356945037841797,0.013940599996522973
2002-06-30,20020630,XLV,18.900798797607422,-0.07153068584345668
2002-07-31,20020731,XLV,18.354534149169922,-0.028901669939296437
2002-08-31,20020831,XLV,18.532068252563477,0.009672493017295336
2002-09-30,20020930,XLV,17.38412857055664,-0.06194341971776651
2002-10-31,20021031,XLV,18.397871017456055,0.058314251576370824
2002-11-30,20021130,XLV,18.966388702392578,0.03090127571810397
2002-12-31,20021231,XLV,18.253604888916016,-0.03758141967145523
2003-01-31,20030131,XLV,18.19172477722168,-0.0033900214270503604
2003-02-28,20030228,XLV,17.78609275817871,-0.02229761190928259
2003-03-31,20030331,XLV,18.42011260986328,0.03564694395248913
2003-04-30,20030430,XLV,19.02676773071289,0.032934387193961356
2003-05-31,20030531,XLV,19.419708251953125,0.02065198497199039
2003-06-30,20030630,XLV,20.277372360229492,0.04416462374969554
2003-07-31,20030731,XLV,19.973186492919922,-0.015001246803859947
2003-08-31,20030831,XLV,19.233442306518555,-0.037036863730461445
2003-09-30,20030930,XLV,19.283493041992188,0.0026022765283502114
2003-10-31,20031031,XLV,19.415241241455078,0.006832175020158093
2003-11-30,20031130,XLV,19.83127784729004,0.02142835109082486
2003-12-31,20031231,XLV,20.9788761138916,0.057868094806527104
2004-01-31,20040131,XLV,21.5564022064209,0.027528933837732028
2004-02-29,20040229,XLV,21.786026000976562,0.01065223186860309
2004-03-31,20040331,XLV,20.877763748168945,-0.041690129845934454
2004-04-30,20040430,XLV,21.5264892578125,0.031072557265643397
2004-05-31,20040531,XLV,21.456745147705078,-0.0032399203266324506
2004-06-30,20040630,XLV,21.376604080200195,-0.0037350057966948347
2004-07-31,20040731,XLV,20.22943687438965,-0.05366461396331401
2004-08-31,20040831,XLV,20.558195114135742,0.01625147757633827
2004-09-30,20040930,XLV,20.19872283935547,-0.01748559505270486
2004-10-31,20041031,XLV,19.749706268310547,-0.022229948626754314
2004-11-30,20041130,XLV,20.135576248168945,0.019538011078045647
2004-12-31,20041231,XLV,21.24594497680664,0.055144621388159676
2005-01-31,20050131,XLV,20.58443260192871,-0.0311359356150116
2005-02-28,20050228,XLV,21.203725814819336,0.030085512914871382
2005-03-31,20050331,XLV,21.085384368896484,-0.005581162808667495
2005-04-30,20050430,XLV,21.819772720336914,0.03482926080891091
2005-05-31,20050531,XLV,22.095163345336914,0.012621150024322958
2005-06-30,20050630,XLV,21.978342056274414,-0.005287188297123602
2005-07-31,20050731,XLV,22.474149703979492,0.02255891943239341
2005-08-31,20050831,XLV,22.39623260498047,-0.0034669653813521606
2005-09-30,20050930,XLV,22.27212905883789,-0.005541268852288117
2005-10-31,20051031,XLV,21.590112686157227,-0.030621965725815103
2005-11-30,20051130,XLV,21.85297966003418,0.01217534052267788
2005-12-31,20051231,XLV,22.609098434448242,0.03460025983536186
2006-01-31,20060131,XLV,22.901325225830078,0.012925185505698211
2006-02-28,20060228,XLV,23.165061950683594,0.01151622110304995
2006-03-31,20060331,XLV,22.869129180908203,-0.012774961293235743
2006-04-30,20060430,XLV,22.161176681518555,-0.030956688109517794
2006-05-31,20060531,XLV,21.696359634399414,-0.020974384790080958
2006-06-30,20060630,XLV,21.703937530517578,0.00034927039585697095
2006-07-31,20060731,XLV,22.88817596435547,0.054563299040681024
2006-08-31,20060831,XLV,23.541305541992188,0.028535676178558678
2006-09-30,20060930,XLV,23.902570724487305,0.015346013068421538
2006-10-31,20061031,XLV,23.98179054260254,0.003314280251624835
2006-11-30,20061130,XLV,23.952980041503906,-0.0012013490422014828
2006-12-31,20061231,XLV,24.20335578918457,0.010452801582384819
2007-01-31,20070131,XLV,24.940515518188477,0.030456922396410402
2007-02-28,20070228,XLV,24.362350463867188,-0.02318176037298214
2007-03-31,20070331,XLV,24.409914016723633,0.0019523384218196327
2007-04-30,20070430,XLV,26.194406509399414,0.07310523467854879
2007-05-31,20070531,XLV,26.64415168762207,0.017169512050646096
2007-06-30,20070630,XLV,25.752193450927734,-0.03347669864485525
2007-07-31,20070731,XLV,24.526945114135742,-0.047578406830733555
2007-08-31,20070831,XLV,25.088516235351562,0.022896089121680507
2007-09-30,20070930,XLV,25.871252059936523,0.03119896837430458
2007-10-31,20071031,XLV,26.35428237915039,0.018670542813112423
2007-11-30,20071130,XLV,26.69093132019043,0.012773974878039995
2007-12-31,20071231,XLV,25.936216354370117,-0.02827608211817645
2008-01-31,20080131,XLV,24.75362205505371,-0.045596253638482076
2008-02-29,20080229,XLV,24.092540740966797,-0.026706447752035012
2008-03-31,20080331,XLV,22.997760772705078,-0.045440619153967576
2008-04-30,20080430,XLV,23.226472854614258,0.009944971780932121
2008-05-31,20080531,XLV,23.66916847229004,0.01905995888600165
2008-06-30,20080630,XLV,22.6677303314209,-0.04230981506771325
2008-07-31,20080731,XLV,23.683265686035156,0.04480092800497859
2008-08-31,20080831,XLV,24.172496795654297,0.020657248713281007
2008-09-30,20080930,XLV,22.37621307373047,-0.07431105429898177
2008-10-31,20081031,XLV,19.807233810424805,-0.11480849126886572
2008-11-30,20081130,XLV,18.55625343322754,-0.06315775282759872
2008-12-31,20081231,XLV,19.89046287536621,0.07190079866820454
2009-01-31,20090131,XLV,19.650720596313477,-0.01205312719743934
2009-02-28,20090228,XLV,17.215917587280273,-0.12390400632381793
2009-03-31,20090331,XLV,18.249879837036133,0.0600585036791641
2009-04-30,20090430,XLV,18.227270126342773,-0.001238896414401336
2009-05-31,20090531,XLV,19.471059799194336,0.0682378471504621
2009-06-30,20090630,XLV,19.932554244995117,0.02370155762245041
2009-07-31,20090731,XLV,21.114416122436523,0.05929304708844141
2009-08-31,20090831,XLV,21.682619094848633,0.026910664690761976
2009-09-30,20090930,XLV,21.816001892089844,0.006151599890112047
2009-10-31,20091031,XLV,21.35944366455078,-0.020927676381647387
2009-11-30,20091130,XLV,23.345483779907227,0.0929818279233825
2009-12-31,20091231,XLV,23.7728328704834,0.01830542877607777
2010-01-31,20100131,XLV,23.933509826660156,0.006758847675081059
2010-02-28,20100228,XLV,24.025325775146484,0.00383629267714225
2010-03-31,20100331,XLV,24.666170120239258,0.026673700539607603
2010-04-30,20100430,XLV,23.706552505493164,-0.03890419996571348
2010-05-31,20100531,XLV,22.163476943969727,-0.0650906774051555
2010-06-30,20100630,XLV,21.7591552734375,-0.018242700437046455
2010-07-31,20100731,XLV,22.044645309448242,0.013120455845970103
2010-08-31,20100831,XLV,21.681989669799805,-0.016450962787457724
2010-09-30,20100930,XLV,23.647106170654297,0.09063358717450387
2010-10-31,20101031,XLV,24.174484252929688,0.022302013551656508
2010-11-30,20101130,XLV,23.476478576660156,-0.028873653268732702
2010-12-31,20101231,XLV,24.557153701782227,0.04603224975130882
2011-01-31,20110131,XLV,24.69747543334961,0.005714087767313192
2011-02-28,20110228,XLV,25.469280242919922,0.03125035235496676
2011-03-31,20110331,XLV,25.929899215698242,0.018085276395133576
2011-04-30,20110430,XLV,27.598005294799805,0.0643313753449406
2011-05-31,20110531,XLV,28.279338836669922,0.024687782127446045
2011-06-30,20110630,XLV,27.96147346496582,-0.01124019813687882
2011-07-31,20110731,XLV,26.85183334350586,-0.03968460828254561
2011-08-31,20110831,XLV,26.285198211669922,-0.021102288420577375
2011-09-30,20110930,XLV,25.105514526367188,-0.04488015177983273
2011-10-31,20111031,XLV,26.5534610748291,0.0576744422800497
2011-11-30,20111130,XLV,26.806644439697266,0.009534853635640106
2011-12-31,20111231,XLV,27.601459503173828,0.029649927474680204
2012-01-31,20120131,XLV,28.484651565551758,0.03199802033209043
2012-02-29,20120229,XLV,28.786996841430664,0.010614322424942424
2012-03-31,20120331,XLV,30.075830459594727,0.04477138151170923
2012-04-30,20120430,XLV,29.9958438873291,-0.002659496713584786
2012-05-31,20120531,XLV,28.908302307128906,-0.03625640886401593
2012-06-30,20120630,XLV,30.559537887573242,0.057119770054332664
2012-07-31,20120731,XLV,30.865041732788086,0.009997004743290683
2012-08-31,20120831,XLV,31.226844787597656,0.011722098351327537
2012-09-30,20120930,XLV,32.41624450683594,0.038089013710109976
2012-10-31,20121031,XLV,32.343536376953125,-0.002242953524967395
2012-11-30,20121130,XLV,32.513206481933594,0.005245873642356846
2012-12-31,20121231,XLV,32.39634323120117,-0.003594331761690661
2013-01-31,20130131,XLV,34.857749938964844,0.07597791794578446
2013-02-28,20130228,XLV,35.29642105102539,0.012584607808267867
2013-03-31,20130331,XLV,37.48882293701172,0.062113999683337306
2013-04-30,20130430,XLV,38.61471939086914,0.030032856879746328
2013-05-31,20130531,XLV,39.25109100341797,0.016480026854715613
2013-06-30,20130630,XLV,39.01902770996094,-0.0059122762584312705
2013-07-31,20130731,XLV,41.81370162963867,0.07162336131108415
2013-08-31,20130831,XLV,40.338497161865234,-0.03528040834174251
2013-09-30,20130930,XLV,41.63231658935547,0.03207406121994483
2013-10-31,20131031,XLV,43.42633056640625,0.04309186045893676
2013-11-30,20131130,XLV,45.475425720214844,0.04718554681186293
2013-12-31,20131231,XLV,45.811439514160156,0.007388909254255616
2014-01-31,20140131,XLV,46.241119384765625,0.009379313882347251
2014-02-28,20140228,XLV,49.11673355102539,0.06218738223727249
2014-03-31,20140331,XLV,48.49894332885742,-0.012577998932403966
2014-04-30,20140430,XLV,48.192134857177734,-0.0063260856963276435
2014-05-31,20140531,XLV,49.576881408691406,0.028733870280233553
2014-06-30,20140630,XLV,50.62865447998047,0.02121499056422449
2014-07-31,20140731,XLV,50.695247650146484,0.0013153256954980819
2014-08-31,20140831,XLV,53.150535583496094,0.048432309677108654
2014-09-30,20140930,XLV,53.3817253112793,0.004349715863540382
2014-10-31,20141031,XLV,56.1882438659668,0.05257451943192426
2014-11-30,20141130,XLV,58.14274978637695,0.03478496186982638
2014-12-31,20141231,XLV,57.3267822265625,-0.014033866007583273
2015-01-31,20150131,XLV,58.07292556762695,0.013015615251447343
2015-02-28,20150228,XLV,60.56281661987305,0.04287524742225313
2015-03-31,20150331,XLV,60.9508171081543,0.006406579316093675
2015-04-30,20150430,XLV,60.286651611328125,-0.010896744758116084
2015-05-31,20150531,XLV,63.00212860107422,0.04504275684861292
2015-06-30,20150630,XLV,62.75517654418945,-0.003919741481251404
2015-07-31,20150731,XLV,64.61109161376953,0.02957389607968386
2015-08-31,20150831,XLV,59.465152740478516,-0.07964482172894205
2015-09-30,20150930,XLV,56.073944091796875,-0.0570285031215132
2015-10-31,20151031,XLV,60.400325775146484,0.07715493806298035
2015-11-30,20151130,XLV,60.20562744140625,-0.0032234649605209498
2015-12-31,20151231,XLV,61.24288558959961,0.01722859128414278
2016-01-31,20160131,XLV,56.515541076660156,-0.07719010081625322
2016-02-29,20160229,XLV,56.31148147583008,-0.003610681185079345
2016-03-31,20160331,XLV,57.83610153198242,0.027074763728365703
2016-04-30,20160430,XLV,59.55119323730469,0.029654344948783384
2016-05-31,20160531,XLV,60.882347106933594,0.02235310154616732
2016-06-30,20160630,XLV,61.435848236083984,0.0090913237654624
2016-07-31,20160731,XLV,64.42582702636719,0.04866830809909861
2016-08-31,20160831,XLV,62.335418701171875,-0.032446744134767336
2016-09-30,20160930,XLV,62.01774215698242,-0.005096244652054938
2016-10-31,20161031,XLV,57.93253707885742,-0.06587155443009074
2016-11-30,20161130,XLV,59.12799072265625,0.02063527171564372
2016-12-31,20161231,XLV,59.551513671875,0.007162816528051952
2017-01-31,20170131,XLV,60.91633987426758,0.022918413290259565
2017-02-28,20170228,XLV,64.77760314941406,0.06338633087799095
2017-03-31,20170331,XLV,64.4662857055664,-0.004805942620778714
2017-04-30,20170430,XLV,65.45458221435547,0.01533043974803916
2017-05-31,20170531,XLV,65.95742797851562,0.007682361526858417
2017-06-30,20170630,XLV,68.96976470947266,0.045670924765869314
2017-07-31,20170731,XLV,69.53553009033203,0.008203092808023893
2017-08-31,20170831,XLV,70.75407409667969,0.017524048565742856
2017-09-30,20170930,XLV,71.3989486694336,0.009114310108457424
2017-10-31,20171031,XLV,70.85728454589844,-0.007586443969125889
2017-11-30,20171130,XLV,72.91896057128906,0.02909617604743464
2017-12-31,20171231,XLV,72.51758575439453,-0.005504395753174851
2018-01-31,20180131,XLV,77.27139282226562,0.06555385177840134
2018-02-28,20180228,XLV,73.79812622070312,-0.04494893225946461
2018-03-31,20180331,XLV,71.64571380615234,-0.029166220401229515
2018-04-30,20180430,XLV,72.40267944335938,0.010565400175300166
2018-05-31,20180531,XLV,72.53472137451172,0.0018237160857512702
2018-06-30,20180630,XLV,73.73104095458984,0.01649306094251446
2018-07-31,20180731,XLV,78.56339263916016,0.06554026122520784
2018-08-31,20180831,XLV,81.96460723876953,0.04329261358698022
2018-09-30,20180930,XLV,84.38602447509766,0.029542229480516324
2018-10-31,20181031,XLV,78.66567993164062,-0.06778781888398011
2018-11-30,20181130,XLV,85.02457427978516,0.08083441665628932
2018-12-31,20181231,XLV,77.07166290283203,-0.09353662096305204
2019-01-31,20190131,XLV,80.77781677246094,0.048087114382122875
2019-02-28,20190228,XLV,81.65089416503906,0.010808380660218386
2019-03-31,20190331,XLV,82.04438018798828,0.004819126930243778
2019-04-30,20190430,XLV,79.8177719116211,-0.027139071210792953
2019-05-31,20190531,XLV,78.04723358154297,-0.02218225700460008
2019-06-30,20190630,XLV,83.19369506835938,0.06594034472009103
2019-07-31,20190731,XLV,81.84662628173828,-0.016191957641912946
2019-08-31,20190831,XLV,81.3616943359375,-0.005924886190562306
2019-09-30,20190930,XLV,81.27578735351562,-0.001055865209335094
2019-10-31,20191031,XLV,85.44193267822266,0.05125936592390112
2019-11-30,20191130,XLV,89.71630859375,0.05002667638178071
2019-12-31,20191231,XLV,92.83417510986328,0.03475250559217158
2020-01-31,20200131,XLV,90.35519409179688,-0.026703323588890493
2020-02-29,20200229,XLV,84.40381622314453,-0.06586647207692353
2020-03-31,20200331,XLV,81.12275695800781,-0.03887335208235543
2020-04-30,20200430,XLV,91.33405303955078,0.12587461847270198
2020-05-31,20200531,XLV,94.33792877197266,0.03288889119068328
2020-06-30,20200630,XLV,92.03366088867188,-0.024425678126456463
2020-07-31,20200731,XLV,97.05519104003906,0.05456188641068471
2020-08-31,20200831,XLV,99.56594848632812,0.025869378230920947
2020-09-30,20200930,XLV,97.39495086669922,-0.021804619477180154
2020-10-31,20201031,XLV,93.86774444580078,-0.0362154956649241
2020-11-30,20201130,XLV,101.32842254638672,0.07948074330148347
2020-12-31,20201231,XLV,105.17668914794922,0.03797815563348794
2021-01-31,20210131,XLV,106.65086364746094,0.014016171372708275
2021-02-28,20210228,XLV,104.40714263916016,-0.021038001302244425
2021-03-31,20210331,XLV,108.6119613647461,0.04027328609229497
2021-04-30,20210430,XLV,112.88240051269531,0.03931831351068249
2021-05-31,20210531,XLV,114.99434661865234,0.01870925933861156
2021-06-30,20210630,XLV,117.63799285888672,0.02298935832907789
2021-07-31,20210731,XLV,123.4288101196289,0.04922574008627123
2021-08-31,20210831,XLV,126.28691864013672,0.023155927029821388
2021-09-30,20210930,XLV,119.31785583496094,-0.055184360187254256
2021-10-31,20211031,XLV,125.42902374267578,0.05121754715545457
2021-11-30,20211130,XLV,121.5954818725586,-0.03056343544522755
2021-12-31,20211231,XLV,132.563232421875,0.09019866840785618
2022-01-31,20220131,XLV,123.47412872314453,-0.06856428839789386
2022-02-28,20220228,XLV,122.2791976928711,-0.009677582199852819
2022-03-31,20220331,XLV,129.2957763671875,0.05738162178606987
2022-04-30,20220430,XLV,122.97209167480469,-0.048908671807067816
2022-05-31,20220531,XLV,124.80311584472656,0.014889753804984807
2022-06-30,20220630,XLV,121.54821014404297,-0.0260803240259897
2022-07-31,20220731,XLV,125.49111938476562,0.03243905637154221
2022-08-31,20220831,XLV,118.24980163574219,-0.057703826251011336
2022-09-30,20220930,XLV,115.24781799316406,-0.025386796434766712
2022-10-31,20221031,XLV,126.32440948486328,0.09611107337716551
2022-11-30,20221130,XLV,132.29092407226562,0.04723168397725441
2022-12-31,20221231,XLV,129.80685424804688,-0.018777326121494076
2023-01-31,20230131,XLV,127.42764282226562,-0.01832885820678498
2023-02-28,20230228,XLV,121.51297760009766,-0.04641587249964019
2023-03-31,20230331,XLV,124.1836166381836,0.021978220687465022
2023-04-30,20230430,XLV,128.0877227783203,0.031438173938125535
2023-05-31,20230531,XLV,122.62003326416016,-0.04268706942056433
2023-06-30,20230630,XLV,127.84442138671875,0.04260631793586045
2023-07-31,20230731,XLV,129.21217346191406,0.010698566745106275
2023-08-31,20230831,XLV,128.30674743652344,-0.007007281134060461
2023-09-30,20230930,XLV,124.50992584228516,-0.02959175312363571
2023-10-31,20231031,XLV,120.44792175292969,-0.032623937905968625
2023-11-30,20231130,XLV,126.99546813964844,0.05435997808371895
2023-12-31,20231231,XLV,132.4894561767578,0.04326129205703633
2024-01-31,20240131,XLV,136.3753204345703,0.029329611351323503
2024-02-29,20240229,XLV,140.68869018554688,0.031628668128746984
2024-03-31,20240331,XLV,144.03387451171875,0.023777208542919093
2024-04-30,20240430,XLV,136.8190460205078,-0.0500911921981515
2024-05-31,20240531,XLV,140.10470581054688,0.024014637476324596
2024-06-30,20240630,XLV,142.66024780273438,0.01824022952978588
2024-07-31,20240731,XLV,146.4580078125,0.026621010886067165
2024-08-31,20240831,XLV,153.8675079345703,0.050591293932907844
2024-09-30,20240930,XLV,151.3171844482422,-0.016574802052507498
2024-10-31,20241031,XLV,144.29266357421875,-0.04642249259155473
2024-11-30,20241130,XLV,144.8231964111328,0.0036767831695141417
2024-12-31,20241231,XLV,135.767822265625,-0.06252709766052167
2025-01-31,20250131,XLV,144.9459686279297,0.06760177934023259
2025-02-28,20250228,XLV,146.97898864746094,0.014026054251635944
2025-03-31,20250331,XLV,144.6547393798828,-0.015813479797122554
2025-04-30,20250430,XLV,139.16616821289062,-0.037942560268132364
2025-05-31,20250531,XLV,131.40884399414062,-0.05574145152062504
2025-06-30,20250630,XLV,134.17637634277344,0.02106047252615828
2025-07-31,20250731,XLV,129.8362274169922,-0.032346595161384384
2025-08-31,20250831,XLV,136.80435180664062,0.05366856792033148
2025-09-30,20250930,XLV,139.1699981689453,0.01729218647699371
2025-10-31,20251031,XLV,144.25,0.03650213334692887
2025-11-30,20251130,XLV,154.61000061035156,0.07181976159689119
1998-12-31,19981231,XLI,15.321425437927246,
1999-01-31,19990131,XLI,15.155742645263672,-0.010813797536973091
1999-02-28,19990228,XLI,15.292191505432129,0.00900311277132304
1999-03-31,19990331,XLI,15.613397598266602,0.021004582156872287
1999-04-30,19990430,XLI,17.961280822753906,0.150376188764191
1999-05-31,19990531,XLI,17.609098434448242,-0.019607866041463362
1999-06-30,19990630,XLI,18.689437866210938,0.06135120635416835
1999-07-31,19990731,XLI,18.00376319885254,-0.03668781652325914
1999-08-31,19990831,XLI,18.150693893432617,0.008161110149984774
1999-09-30,19990930,XLI,18.05708885192871,-0.005157105400679707
1999-10-31,19991031,XLI,17.664552688598633,-0.0217386183647289
1999-11-30,19991130,XLI,17.271997451782227,-0.02222276690141023
1999-12-31,19991231,XLI,18.670513153076172,0.08097011970955559
2000-01-31,20000131,XLI,17.143373489379883,-0.08179419875477156
2000-02-29,20000229,XLI,16.197534561157227,-0.05517227567891425
2000-03-31,20000331,XLI,18.45233917236328,0.139206655351934
2000-04-30,20000430,XLI,18.718910217285156,0.014446463531362363
2000-05-31,20000531,XLI,18.639921188354492,-0.004219745060678015
2000-06-30,20000630,XLI,17.90679359436035,-0.03933104580142599
2000-07-31,20000731,XLI,18.18379783630371,0.015469226273463033
2000-08-31,20000831,XLI,19.98436737060547,0.09902054293118812
2000-09-30,20000930,XLI,19.40398406982422,-0.02904186507474449
2000-10-31,20001031,XLI,19.840476989746094,0.022495015371646332
2000-11-30,20001130,XLI,19.1658992767334,-0.03400007536922267
2000-12-31,20001231,XLI,19.923078536987305,0.03950658663708473
2001-01-31,20010131,XLI,19.999570846557617,0.003839382022627902
2001-02-28,20010228,XLI,18.801002502441406,-0.05992970315773105
2001-03-31,20010331,XLI,17.000438690185547,-0.09576956399117798
2001-04-30,20010430,XLI,18.9440860748291,0.11432924879554052
2001-05-31,20010531,XLI,19.736873626708984,0.04184881491502801
2001-06-30,20010630,XLI,18.517372131347656,-0.061787977084224455
2001-07-31,20010731,XLI,18.47892951965332,-0.0020760295479107516
2001-08-31,20010831,XLI,17.844600677490234,-0.034327142245358044
2001-09-30,20010930,XLI,15.230026245117188,-0.14651907765418126
2001-10-31,20011031,XLI,15.500266075134277,0.017743884722702274
2001-11-30,20011130,XLI,17.050941467285156,0.10004185635487195
2001-12-31,20011231,XLI,17.823057174682617,0.04528287830199185
2002-01-31,20020131,XLI,16.697053909301758,-0.06317677457604354
2002-02-28,20020228,XLI,17.115270614624023,0.025047335152297734
2002-03-31,20020331,XLI,17.578319549560547,0.02705472471705317
2002-04-30,20020430,XLI,16.36513328552246,-0.06901605472682482
2002-05-31,20020531,XLI,16.436113357543945,0.004337274300373561
2002-06-30,20020630,XLI,15.42807674407959,-0.06133059510700445
2002-07-31,20020731,XLI,14.554781913757324,-0.056604257601802876
2002-08-31,20020831,XLI,14.328374862670898,-0.015555509689391012
2002-09-30,20020930,XLI,12.674905776977539,-0.11539822914607512
2002-10-31,20021031,XLI,13.298264503479004,0.04918054125764959
2002-11-30,20021130,XLI,13.993050575256348,0.05224637181758407
2002-12-31,20021231,XLI,13.443391799926758,-0.03928083961202433
2003-01-31,20030131,XLI,12.718660354614258,-0.05390986561266842
2003-02-28,20030228,XLI,12.52278995513916,-0.015400238233741148
2003-03-31,20030331,XLI,12.65585994720459,0.010626225668731282
2003-04-30,20030430,XLI,14.025653839111328,0.10823396415739395
2003-05-31,20030531,XLI,14.405792236328125,0.027103078514369106
2003-06-30,20030630,XLI,14.706676483154297,0.020886338070835953
2003-07-31,20030731,XLI,15.19273567199707,0.033050240100102046
2003-08-31,20030831,XLI,15.783890724182129,0.038910375652402296
2003-09-30,20030930,XLI,15.352143287658691,-0.02735367623028251
2003-10-31,20031031,XLI,16.301353454589844,0.06182916281755957
2003-11-30,20031130,XLI,16.624347686767578,0.01981395183396817
2003-12-31,20031231,XLI,17.72614097595215,0.06627588101165371
2004-01-31,20040131,XLI,17.904991149902344,0.010089628317456745
2004-02-29,20040229,XLI,17.77250862121582,-0.007399195429775185
2004-03-31,20040331,XLI,17.55510711669922,-0.012232460208632556
2004-04-30,20040430,XLI,17.548460006713867,-0.0003786425193058607
2004-05-31,20040531,XLI,17.98052406311035,0.024621195035415155
2004-06-30,20040630,XLI,19.090377807617188,0.0617253279499157
2004-07-31,20040731,XLI,18.5574951171875,-0.02791367964530611
2004-08-31,20040831,XLI,18.570819854736328,0.0007180245752287373
2004-09-30,20040930,XLI,18.97003746032715,0.021497037218257464
2004-10-31,20041031,XLI,19.16388511657715,0.010218622744177619
2004-11-30,20041130,XLI,20.3670597076416,0.06278343789609142
2004-12-31,20041231,XLI,20.87278175354004,0.0248303905010252
2005-01-31,20050131,XLI,20.288320541381836,-0.028001117391029062
2005-02-28,20050228,XLI,20.5234432220459,0.01158906574767915
2005-03-31,20050331,XLI,20.51445198059082,-0.000438096149744549
2005-04-30,20050430,XLI,19.766138076782227,-0.03647740161504631
2005-05-31,20050531,XLI,20.39309310913086,0.031718640733622516
2005-06-30,20050630,XLI,19.855913162231445,-0.026341268782757443
2005-07-31,20050731,XLI,20.612850189208984,0.03812149160771572
2005-08-31,20050831,XLI,20.126251220703125,-0.023606583468044562
2005-09-30,20050930,XLI,20.463497161865234,0.01675652049971421
2005-10-31,20051031,XLI,20.1717529296875,-0.014256812013609066
2005-11-30,20051130,XLI,21.345544815063477,0.058189880149110085
2005-12-31,20051231,XLI,21.44650650024414,0.004729871551904186
2006-01-31,20060131,XLI,21.50794219970703,0.002864601722531779
2006-02-28,20060228,XLI,22.176860809326172,0.031101004615320837
2006-03-31,20060331,XLI,23.15772247314453,0.04422905803718935
2006-04-30,20060430,XLI,23.657867431640625,0.02159732931751379
2006-05-31,20060531,XLI,23.253633499145508,-0.017086659804107507
2006-06-30,20060630,XLI,23.22376251220703,-0.0012845728793126066
2006-07-31,20060731,XLI,21.904937744140625,-0.05678773055714792
2006-08-31,20060831,XLI,22.1522216796875,0.01128895860993806
2006-09-30,20060930,XLI,22.997983932495117,0.03817956794749566
2006-10-31,20061031,XLI,23.646392822265625,0.028194162221947483
2006-11-30,20061130,XLI,24.225818634033203,0.024503771722086398
2006-12-31,20061231,XLI,24.34518051147461,0.004927052383432162
2007-01-31,20070131,XLI,24.85280990600586,0.020851330072988672
2007-02-28,20070228,XLI,24.574657440185547,-0.011191992650822713
2007-03-31,20070331,XLI,24.774179458618164,0.00811901524642833
2007-04-30,20070430,XLI,25.924034118652344,0.04641343064277281
2007-05-31,20070531,XLI,27.269018173217773,0.05188174218601693
2007-06-30,20070630,XLI,27.276369094848633,0.0002695704547983624
2007-07-31,20070731,XLI,27.534889221191406,0.009477805694878771
2007-08-31,20070831,XLI,27.541879653930664,0.00025387546262134464
2007-09-30,20070930,XLI,28.846776962280273,0.04737865841932032
2007-10-31,20071031,XLI,28.47459602355957,-0.012901993841716308
2007-11-30,20071130,XLI,27.66705322265625,-0.028360114406370096
2007-12-31,20071231,XLI,27.630136489868164,-0.0013343210963231433
2008-01-31,20080131,XLI,26.106096267700195,-0.05515862083152667
2008-02-29,20080229,XLI,25.57691192626953,-0.02027052746623781
2008-03-31,20080331,XLI,26.505535125732422,0.03630708828883766
2008-04-30,20080430,XLI,27.28510093688965,0.0294114345346832
2008-05-31,20080531,XLI,27.526079177856445,0.008831861810743469
2008-06-30,20080630,XLI,24.215913772583008,-0.1202556086497173
2008-07-31,20080731,XLI,24.40816879272461,0.007939201549324482
2008-08-31,20080831,XLI,25.077465057373047,0.027420994599477444
2008-09-30,20080930,XLI,22.0501708984375,-0.12071771018360922
2008-10-31,20081031,XLI,18.026737213134766,-0.18246723364796413
2008-11-30,20081130,XLI,16.544788360595703,-0.08220837942094561
2008-12-31,20081231,XLI,16.929636001586914,0.023260958835097156
2009-01-31,20090131,XLI,14.898368835449219,-0.11998292024396107
2009-02-28,20090228,XLI,12.36109447479248,-0.17030551389085902
2009-03-31,20090331,XLI,13.451005935668945,0.08817273123339375
2009-04-30,20090430,XLI,15.881386756896973,0.18068394533848364
2009-05-31,20090531,XLI,16.41416358947754,0.03354724878475701
2009-06-30,20090630,XLI,16.134431838989258,-0.01704209592912831
2009-07-31,20090731,XLI,17.545089721679688,0.08743151892597423
2009-08-31,20090831,XLI,18.382667541503906,0.047738588580100716
2009-09-30,20090930,XLI,19.455080032348633,0.05833824108625474
2009-10-31,20091031,XLI,18.679540634155273,-0.039863079303906424
2009-11-30,20091130,XLI,20.319263458251953,0.08778175310684411
2009-12-31,20091231,XLI,20.659433364868164,0.01674125183302655
2010-01-31,20100131,XLI,20.35463523864746,-0.014753460118563488
2010-02-28,20100228,XLI,21.440011978149414,0.053323320549667264
2010-03-31,20100331,XLI,23.303783416748047,0.08692958942831264
2010-04-30,20100430,XLI,24.295909881591797,0.04257362193517156
2010-05-31,20100531,XLI,22.080415725708008,-0.09118794754677595
2010-06-30,20100630,XLI,20.562334060668945,-0.06875240411672023
2010-07-31,20100731,XLI,22.706275939941406,0.10426549208600466
2010-08-31,20100831,XLI,21.132051467895508,-0.06932992782302816
2010-09-30,20100930,XLI,23.567907333374023,0.11526831028114559
2010-10-31,20101031,XLI,24.246000289916992,0.028771878086211622
2010-11-30,20101130,XLI,24.569990158081055,0.013362610916852757
2010-12-31,20101231,XLI,26.40702247619629,0.07476732006386388
2011-01-31,20110131,XLI,27.444530487060547,0.03928909485344234
2011-02-28,20110228,XLI,28.027637481689453,0.021246746957606977
2011-03-31,20110331,XLI,28.65276336669922,0.022303909325863236
2011-04-30,20110430,XLI,29.436214447021484,0.027342950147447365
2011-05-31,20110531,XLI,28.622346878051758,-0.02764851337914065
2011-06-30,20110630,XLI,28.466136932373047,-0.005457621848559691
2011-07-31,20110731,XLI,26.509288787841797,-0.06874301733249333
2011-08-31,20110831,XLI,24.766460418701172,-0.06574406364081542
2011-09-30,20110930,XLI,22.460697174072266,-0.09310023336592022
2011-10-31,20111031,XLI,25.68913459777832,0.14373718672601288
2011-11-30,20111130,XLI,26.050403594970703,0.014063104999404219
2011-12-31,20111231,XLI,26.116647720336914,0.002542921268943399
2012-01-31,20120131,XLI,28.02798843383789,0.07318476452139078
2012-02-29,20120229,XLI,28.809558868408203,0.027885355968918946
2012-03-31,20120331,XLI,29.09160041809082,0.009789860058978528
2012-04-30,20120430,XLI,28.77284049987793,-0.010957111799688612
2012-05-31,20120531,XLI,26.95363998413086,-0.06322630939947649
2012-06-30,20120630,XLI,27.86231231689453,0.033712416330360595
2012-07-31,20120731,XLI,27.97166633605957,0.003924800566488917
2012-08-31,20120831,XLI,28.401273727416992,0.015358662805282863
2012-09-30,20120930,XLI,28.718753814697266,0.011178374967521165
2012-10-31,20121031,XLI,28.68731117248535,-0.0010948470262599486
2012-11-30,20121130,XLI,29.190458297729492,0.01753901305768668
2012-12-31,20121231,XLI,30.01438331604004,0.02822583358941766
2013-01-31,20130131,XLI,31.74079704284668,0.05751954683286886
2013-02-28,20130228,XLI,32.44562911987305,0.02220587202252422
2013-03-31,20130331,XLI,33.21477508544922,0.023705688144757486
2013-04-30,20130430,XLI,32.968196868896484,-0.007423750903577719
2013-05-31,20130531,XLI,34.622589111328125,0.05018145969616139
2013-06-30,20130630,XLI,34.08798599243164,-0.015440876393659653
2013-07-31,20130731,XLI,36.10257339477539,0.059099631253985985
2013-08-31,20130831,XLI,35.20719909667969,-0.024800844203124783
2013-09-30,20130930,XLI,37.27278518676758,0.05866942395547414
2013-10-31,20131031,XLI,39.047672271728516,0.04761884780188219
2013-11-30,20131130,XLI,40.477210998535156,0.036610088223918646
2013-12-31,20131231,XLI,42.18478775024414,0.04218612670153532
2014-01-31,20140131,XLI,40.38471984863281,-0.04267101952174479
2014-02-28,20140228,XLI,42.023353576660156,0.04057558735504796
2014-03-31,20140331,XLI,42.42533874511719,0.009565756519734236
2014-04-30,20140430,XLI,42.992835998535156,0.013376375303150168
2014-05-31,20140531,XLI,43.819793701171875,0.01923477908423843
2014-06-30,20140630,XLI,44.02787780761719,0.004748632726669921
2014-07-31,20140731,XLI,42.21171569824219,-0.04125027595722064
2014-08-31,20140831,XLI,43.995296478271484,0.04225321692156592
2014-09-30,20140930,XLI,43.49094009399414,-0.011463870564582646
2014-10-31,20141031,XLI,45.17656707763672,0.03875811789764816
2014-11-30,20141130,XLI,46.567623138427734,0.030791539746711116
2014-12-31,20141231,XLI,46.55757141113281,-0.00021585227283427155
2015-01-31,20150131,XLI,44.90362548828125,-0.03552474651751425
2015-02-28,20150228,XLI,47.30638885498047,0.05350934007157804
2015-03-31,20150331,XLI,46.1019172668457,-0.02546107655410179
2015-04-30,20150430,XLI,45.98619079589844,-0.002510231196620749
2015-05-31,20150531,XLI,46.1349983215332,0.0032359176322132033
2015-06-30,20150630,XLI,44.91024398803711,-0.026547184958375714
2015-07-31,20150731,XLI,45.04317092895508,0.0029598356435867057
2015-08-31,20150831,XLI,42.609073638916016,-0.054039208160506114
2015-09-30,20150930,XLI,41.669960021972656,-0.02204022610070644
2015-10-31,20151031,XLI,45.32829666137695,0.08779314012961015
2015-11-30,20151130,XLI,45.72085189819336,0.008660268876833577
2015-12-31,20151231,XLI,44.544700622558594,-0.025724614192528694
2016-01-31,20160131,XLI,42.006980895996094,-0.05697018256033204
2016-02-29,20160229,XLI,43.796836853027344,0.042608535982690654
2016-03-31,20160331,XLI,46.85102081298828,0.06973526353535786
2016-04-30,20160430,XLI,47.433815002441406,0.0124393061098802
2016-05-31,20160531,XLI,47.23110580444336,-0.004273516646038589
2016-06-30,20160630,XLI,47.567935943603516,0.007131531930562263
2016-07-31,20160731,XLI,49.291969299316406,0.03624360236603286
2016-08-31,20160831,XLI,49.759071350097656,0.009476230254564566
2016-09-30,20160930,XLI,49.85169982910156,0.0018615395442609373
2016-10-31,20161031,XLI,48.85261154174805,-0.02004120803861309
2016-11-30,20161130,XLI,53.29297637939453,0.09089309041036375
2016-12-31,20161231,XLI,53.456092834472656,0.0030607495801491247
2017-01-31,20170131,XLI,54.45270919799805,0.018643643982949154
2017-02-28,20170228,XLI,56.583396911621094,0.03912914058831407
2017-03-31,20170331,XLI,56.150211334228516,-0.007655701160345307
2017-04-30,20170430,XLI,57.25492477416992,0.01967425257521671
2017-05-31,20170531,XLI,58.273311614990234,0.017786886365445786
2017-06-30,20170630,XLI,59.06074142456055,0.013512700544167311
2017-07-31,20170731,XLI,59.234161376953125,0.0029362982619189903
2017-08-31,20170831,XLI,59.364234924316406,0.00219592114313083
2017-09-30,20170930,XLI,61.84831619262695,0.041844744928954514
2017-10-31,20171031,XLI,62.30999755859375,0.007464736218992352
2017-11-30,20171130,XLI,64.9058837890625,0.04166083023880218
2017-12-31,20171231,XLI,66.2744369506836,0.021085194156954312
2018-01-31,20180131,XLI,69.830322265625,0.05365394982664928
2018-02-28,20180228,XLI,67.1327896118164,-0.03862981819770994
2018-03-31,20180331,XLI,65.32804107666016,-0.026883264431463272
2018-04-30,20180430,XLI,63.50776672363281,-0.027863599199175693
2018-05-31,20180531,XLI,65.45993041992188,0.030738975671815272
2018-06-30,20180630,XLI,63.24152374267578,-0.03388953613325185
2018-07-31,20180731,XLI,67.9120101928711,0.07385158000302328
2018-08-31,20180831,XLI,68.07093048095703,0.0023400910624586935
2018-09-30,20180930,XLI,69.55309295654297,0.021773794850660666
2018-10-31,20181031,XLI,61.994510650634766,-0.10867356122654148
2018-11-30,20181130,XLI,64.35433959960938,0.038065127447706404
2018-12-31,20181231,XLI,57.494815826416016,-0.1065899178807671
2019-01-31,20190131,XLI,64.06459045410156,0.11426725232967971
2019-02-28,20190228,XLI,68.14397430419922,0.06367610908275911
2019-03-31,20190331,XLI,67.36067962646484,-0.011494702000175328
2019-04-30,20190430,XLI,70.03607940673828,0.03971752950102836
2019-05-31,20190531,XLI,64.68529510498047,-0.0764003974391948
2019-06-30,20190630,XLI,69.80863952636719,0.07920415935448433
2019-07-31,20190731,XLI,70.16932678222656,0.005166799672741584
2019-08-31,20190831,XLI,68.31184387207031,-0.02647143695593701
2019-09-30,20190930,XLI,70.36894989013672,0.030113460586993046
2019-10-31,20191031,XLI,71.16667175292969,0.011336276355387032
2019-11-30,20191130,XLI,74.3664779663086,0.04496214498392903
2019-12-31,20191231,XLI,74.21693420410156,-0.0020109028462365064
2020-01-31,20200131,XLI,73.88896179199219,-0.004419104825960973
2020-02-29,20200229,XLI,66.5738754272461,-0.09900107116593526
2020-03-31,20200331,XLI,54.173851013183594,-0.18625961511905098
2020-04-30,20200430,XLI,58.947689056396484,0.08812070683420936
2020-05-31,20200531,XLI,62.124114990234375,0.05388550398979919
2020-06-30,20200630,XLI,63.34970474243164,0.019728083891254133
2020-07-31,20200731,XLI,66.14375305175781,0.04410515125029013
2020-08-31,20200831,XLI,71.75025177001953,0.084762331430976
2020-09-30,20200930,XLI,71.2607650756836,-0.006822090268127301
2020-10-31,20201031,XLI,70.23323059082031,-0.014419358026425466
2020-11-30,20201130,XLI,81.48980712890625,0.16027422408726855
2020-12-31,20201231,XLI,82.3102798461914,0.010068409120017607
2021-01-31,20210131,XLI,78.79662322998047,-0.04268794399407594
2021-02-28,20210228,XLI,84.22513580322266,0.06889270568610795
2021-03-31,20210331,XLI,91.79431915283203,0.08986846120727487
2021-04-30,20210430,XLI,95.0390625,0.03534797552957136
2021-05-31,20210531,XLI,98.01339721679688,0.03129591810521992
2021-06-30,20210630,XLI,95.77918243408203,-0.022794993808580633
2021-07-31,20210731,XLI,96.67713928222656,0.009375282032319854
2021-08-31,20210831,XLI,97.7527847290039,0.011126161311385552
2021-09-30,20210930,XLI,91.80960845947266,-0.06079802520211852
2021-10-31,20211031,XLI,98.04972839355469,0.06796804864750716
2021-11-30,20211130,XLI,94.55902099609375,-0.03560139792993444
2021-12-31,20211231,XLI,99.66294860839844,0.05397610464384495
2022-01-31,20220131,XLI,94.88748168945312,-0.04791617131166126
2022-02-28,20220228,XLI,94.08686828613281,-0.008437502914668493
2022-03-31,20220331,XLI,97.32006072998047,0.03436390755418728
2022-04-30,20220430,XLI,89.91094970703125,-0.07613138511602635
2022-05-31,20220531,XLI,89.4951171875,-0.004624937461857659
2022-06-30,20220630,XLI,82.90202331542969,-0.07366987249435308
2022-07-31,20220731,XLI,90.7802734375,0.095030854579927
2022-08-31,20220831,XLI,88.2079849243164,-0.02833532457857768
2022-09-30,20220930,XLI,79.007080078125,-0.10430920572650992
2022-10-31,20221031,XLI,89.98452758789062,0.1389425795626258
2022-11-30,20221130,XLI,97.01351928710938,0.07811333667727838
2022-12-31,20221231,XLI,94.11299133300781,-0.029898183010117485
2023-01-31,20230131,XLI,97.60114288330078,0.03706344364244618
2023-02-28,20230228,XLI,96.75785064697266,-0.008640188131161852
2023-03-31,20230331,XLI,97.35689544677734,0.006191175142886696
2023-04-30,20230430,XLI,96.22147369384766,-0.011662468772439372
2023-05-31,20230531,XLI,93.19049835205078,-0.031499988780474
2023-06-30,20230630,XLI,103.6778335571289,0.11253652883644372
2023-07-31,20230731,XLI,106.67262268066406,0.028885529536889498
2023-08-31,20230831,XLI,104.55694580078125,-0.019833363300875373
2023-09-30,20230930,XLI,98.33838653564453,-0.05947533391980786
2023-10-31,20231031,XLI,95.40899658203125,-0.02978887550236009
2023-11-30,20231130,XLI,103.83828735351562,0.08834901396575323
2023-12-31,20231231,XLI,111.1750259399414,0.07065542752499354
2024-01-31,20240131,XLI,110.1021957397461,-0.009649920844406856
2024-02-29,20240229,XLI,118.01191711425781,0.07183981501339276
2024-03-31,20240331,XLI,123.22909545898438,0.044208911034597786
2024-04-30,20240430,XLI,118.8853530883789,-0.035249324475089105
2024-05-31,20240531,XLI,120.83222198486328,0.016376019803188813
2024-06-30,20240630,XLI,119.63735961914062,-0.009888607079263534
2024-07-31,20240731,XLI,125.51762390136719,0.04915073603217324
2024-08-31,20240831,XLI,129.05166625976562,0.028155746169761242
2024-09-30,20240930,XLI,133.3904266357422,0.033620335960972136
2024-10-31,20241031,XLI,131.8048095703125,-0.01188703796382351
2024-11-30,20241130,XLI,141.81106567382812,0.07591723045719134
2024-12-31,20241231,XLI,130.41908264160156,-0.08033211638384163
2025-01-31,20250131,XLI,136.94204711914062,0.05001541450390734
2025-02-28,20250228,XLI,134.94259643554688,-0.014600706836624178
2025-03-31,20250331,XLI,130.13465881347656,-0.035629502833575244
2025-04-30,20250430,XLI,130.28358459472656,0.00114439752336426
2025-05-31,20250531,XLI,141.80079650878906,0.08840109788112693
2025-06-30,20250630,XLI,146.9130401611328,0.03605229151182443
2025-07-31,20250731,XLI,151.38455200195312,0.03043645299230069
2025-08-31,20250831,XLI,151.38455200195312,0.0
2025-09-30,20250930,XLI,154.22999572753906,0.01879613004072711
2025-10-31,20251031,XLI,155.05999755859375,0.005381584996740685
2025-11-30,20251130,XLI,149.6300048828125,-0.03501865575439189
1998-12-31,19981231,XLB,12.152566909790039,
1999-01-31,19990131,XLB,11.70215129852295,-0.037063413401512535
1999-02-28,19990228,XLB,11.88404655456543,0.015543745026219247
1999-03-31,19990331,XLB,12.097844123840332,0.01799030055067985
1999-04-30,19990430,XLB,15.087538719177246,0.2471262288332301
1999-05-31,19990531,XLB,13.71435546875,-0.0910143977746245
1999-06-30,19990630,XLB,14.506891250610352,0.05778877349841571
1999-07-31,19990731,XLB,14.3412446975708,-0.01141847348118652
1999-08-31,19990831,XLB,13.6961088180542,-0.044984650434552464
1999-09-30,19990930,XLB,13.26657772064209,-0.03136154239997724
1999-10-31,19991031,XLB,13.581403732299805,0.02373076299608612
1999-11-30,19991130,XLB,13.389006614685059,-0.01416621738128443
1999-12-31,19991231,XLB,14.938262939453125,0.1157110732224782
2000-01-31,20000131,XLB,13.111591339111328,-0.12228139294009976
2000-02-29,20000229,XLB,11.794286727905273,-0.10046870567698296
2000-03-31,20000331,XLB,12.984258651733398,0.10089392866909463
2000-04-30,20000430,XLB,12.552910804748535,-0.03322082981821051
2000-05-31,20000531,XLB,12.156783103942871,-0.03155664108246636
2000-06-30,20000630,XLB,11.11723804473877,-0.08551152474431667
2000-07-31,20000731,XLB,11.214523315429688,0.008750848933828381
2000-08-31,20000831,XLB,11.471010208129883,0.022870958085869253
2000-09-30,20000930,XLB,10.346475601196289,-0.09803274398070005
2000-10-31,20001031,XLB,11.25390911102295,0.08770460056192864
2000-11-30,20001130,XLB,10.969221115112305,-0.025296809588749802
2000-12-31,20001231,XLB,12.514665603637695,0.14088917274137458
2001-01-31,20010131,XLB,12.180573463439941,-0.02669605012063936
2001-02-28,20010228,XLB,12.338308334350586,0.012949708105622904
2001-03-31,20010331,XLB,11.720401763916016,-0.050080331410934265
2001-04-30,20010430,XLB,12.970501899719238,0.10666017778093129
2001-05-31,20010531,XLB,13.469367027282715,0.03846151301009226
2001-06-30,20010630,XLB,13.004500389099121,-0.034512879279478326
2001-07-31,20010731,XLB,12.969128608703613,-0.0027199645766597946
2001-08-31,20010831,XLB,12.9160795211792,-0.0040904126348791925
2001-09-30,20010930,XLB,11.38623332977295,-0.11844508923142494
2001-10-31,20011031,XLB,11.694612503051758,0.02708351079302518
2001-11-30,20011130,XLB,13.177191734313965,0.12677454946671562
2001-12-31,20011231,XLB,12.782547950744629,-0.029949005184592314
2002-01-31,20020131,XLB,13.080925941467285,0.02334260680049116
2002-02-28,20020228,XLB,13.773170471191406,0.05292014745910811
2002-03-31,20020331,XLB,14.196706771850586,0.03075082106513305
2002-04-30,20020430,XLB,13.52608871459961,-0.04723757897012337
2002-05-31,20020531,XLB,14.196706771850586,0.04957959920277122
2002-06-30,20020630,XLB,13.954916000366211,-0.017031469013912504
2002-07-31,20020731,XLB,12.372269630432129,-0.11341138634532444
2002-08-31,20020831,XLB,12.30607795715332,-0.0053500024858815776
2002-09-30,20020930,XLB,10.708847045898438,-0.12979203583920407
2002-10-31,20021031,XLB,11.320257186889648,0.05709392788697887
2002-11-30,20021130,XLB,12.682323455810547,0.12032114168734176
2002-12-31,20021231,XLB,12.101442337036133,-0.04580242104677412
2003-01-31,20030131,XLB,11.497586250305176,-0.04989951362102285
2003-02-28,20030228,XLB,11.192605018615723,-0.026525674611169614
2003-03-31,20030331,XLB,11.261720657348633,0.00617511639318602
2003-04-30,20030430,XLB,12.27883243560791,0.09031584153133654
2003-05-31,20030531,XLB,12.658713340759277,0.030937868656773393
2003-06-30,20030630,XLB,12.77292537689209,0.00902240480990013
2003-07-31,20030731,XLB,13.777265548706055,0.07863039532282468
2003-08-31,20030831,XLB,14.159280776977539,0.027727942596516453
2003-09-30,20030930,XLB,13.52149772644043,-0.04504346375941082
2003-10-31,20031031,XLB,14.80985164642334,0.09528189450963076
2003-11-30,20031130,XLB,15.144322395324707,0.022584341618448578
2003-12-31,20031231,XLB,16.62891960144043,0.0980299525698185
2004-01-31,20040131,XLB,15.8937406539917,-0.044210866675009286
2004-02-29,20040229,XLB,16.722383499145508,0.05213642673511831
2004-03-31,20040331,XLB,16.336795806884766,-0.023058177817800063
2004-04-30,20040430,XLB,15.580294609069824,-0.04630658341803673
2004-05-31,20040531,XLB,16.017946243286133,0.028090074366214912
2004-06-30,20040630,XLB,16.821643829345703,0.05017482103215554
2004-07-31,20040731,XLB,16.438467025756836,-0.022778796619175035
2004-08-31,20040831,XLB,16.7148494720459,0.0168131520935626
2004-09-30,20040930,XLB,17.386611938476562,0.04018956123739725
2004-10-31,20041031,XLB,17.222532272338867,-0.009437127067556283
2004-11-30,20041130,XLB,18.623552322387695,0.08134808679087269
2004-12-31,20041231,XLB,18.872583389282227,0.013371834899358337
2005-01-31,20050131,XLB,18.294910430908203,-0.030609108803942853
2005-02-28,20050228,XLB,19.73590850830078,0.07876497033612662
2005-03-31,20050331,XLB,19.211360931396484,-0.02657833444473434
2005-04-30,20050430,XLB,17.841854095458984,-0.07128629985288348
2005-05-31,20050531,XLB,17.727191925048828,-0.006426583795421825
2005-06-30,20050630,XLB,17.37234878540039,-0.020016883731429402
2005-07-31,20050731,XLB,18.33249855041504,0.05526885148780525
2005-08-31,20050831,XLB,17.564373016357422,-0.041899664246269785
2005-09-30,20050930,XLB,17.699594497680664,0.0076986227289361775
2005-10-31,20051031,XLB,17.73821449279785,0.0021819706164594166
2005-11-30,20051130,XLB,19.096250534057617,0.07655990639932564
2005-12-31,20051231,XLB,19.64261817932129,0.02861125247017693
2006-01-31,20060131,XLB,20.58972930908203,0.04821715318774622
2006-02-28,20060228,XLB,20.148597717285156,-0.0214248368773986
2006-03-31,20060331,XLB,21.088298797607422,0.04663853502400861
2006-04-30,20060430,XLB,21.837953567504883,0.0355483757647872
2006-05-31,20060531,XLB,20.95792007446289,-0.04029834985781322
2006-06-30,20060630,XLB,21.066083908081055,0.005161000387150061
2006-07-31,20060731,XLB,20.278573989868164,-0.03738283402122011
2006-08-31,20060831,XLB,20.888891220092773,0.03009665425830943
2006-09-30,20060930,XLB,20.886005401611328,-0.0001381508693323319
2006-10-31,20061031,XLB,22.14021873474121,0.06005041696643065
2006-11-30,20061130,XLB,23.103979110717773,0.043529848892788214
2006-12-31,20061231,XLB,23.249935150146484,0.006317355063786501
2007-01-31,20070131,XLB,24.19086456298828,0.040470195153893496
2007-02-28,20070228,XLB,24.83819580078125,0.026759326278209095
2007-03-31,20070331,XLB,25.424665451049805,0.0236116042796517
2007-04-30,20070430,XLB,25.805524826049805,0.014979916873764543
2007-05-31,20070531,XLB,27.329002380371094,0.05903687542070024
2007-06-30,20070630,XLB,27.18365478515625,-0.005318437650663754
2007-07-31,20070731,XLB,26.45876121520996,-0.02666652352950427
2007-08-31,20070831,XLB,26.27753448486328,-0.006849403449867508
2007-09-30,20070930,XLB,28.39385223388672,0.08053715047895782
2007-10-31,20071031,XLB,29.573822021484375,0.04155722787728733
2007-11-30,20071130,XLB,28.08367347717285,-0.050387418414467366
2007-12-31,20071231,XLB,28.384801864624023,0.010722542679323599
2008-01-31,20080131,XLB,27.193593978881836,-0.041966397772421615
2008-02-29,20080229,XLB,27.819835662841797,0.023029015011634346
2008-03-31,20080331,XLB,27.42873191833496,-0.014058449131287398
2008-04-30,20080430,XLB,28.889957427978516,0.053273534992216875
2008-05-31,20080531,XLB,30.39215087890625,0.05199708080818888
2008-06-30,20080630,XLB,28.62443733215332,-0.05816348944160499
2008-07-31,20080731,XLB,27.698415756225586,-0.03235073462518512
2008-08-31,20080831,XLB,27.266273498535156,-0.01560169583321025
2008-09-30,20080930,XLB,23.046131134033203,-0.15477517911381156
2008-10-31,20081031,XLB,17.88490104675293,-0.2239521270300534
2008-11-30,20081130,XLB,15.973592758178711,-0.1068671436077766
2008-12-31,20081231,XLB,15.88161849975586,-0.00575789428309792
2009-01-31,20090131,XLB,14.708304405212402,-0.07387874822465312
2009-02-28,20090228,XLB,13.528009414672852,-0.08024684273744509
2009-03-31,20090331,XLB,15.605849266052246,0.15359538773869508
2009-04-30,20090430,XLB,18.037017822265625,0.15578572590098982
2009-05-31,20090531,XLB,19.090991973876953,0.0584339474516824
2009-06-30,20090630,XLB,18.22479820251465,-0.045371857708994656
2009-07-31,20090731,XLB,20.570005416870117,0.12868220477919357
2009-08-31,20090831,XLB,21.057403564453125,0.023694604726903767
2009-09-30,20090930,XLB,21.946388244628906,0.04221720296401932
2009-10-31,20091031,XLB,20.811477661132812,-0.051712863676958265
2009-11-30,20091130,XLB,23.05292510986328,0.10770246520825189
2009-12-31,20091231,XLB,23.529878616333008,0.020689500538292327
2010-01-31,20100131,XLB,21.497133255004883,-0.08638996377640118
2010-02-28,20100228,XLB,22.467153549194336,0.04512323958189257
2010-03-31,20100331,XLB,24.24567413330078,0.07916092175237854
2010-04-30,20100430,XLB,24.29572105407715,0.002064158765032298
2010-05-31,20100531,XLB,21.979799270629883,-0.0953222083136579
2010-06-30,20100630,XLB,20.368209838867188,-0.07332138987803005
2010-07-31,20100731,XLB,22.98154640197754,0.12830467595259698
2010-08-31,20100831,XLB,22.285139083862305,-0.03030289197837921
2010-09-30,20100930,XLB,24.01333999633789,0.0775494784202202
2010-10-31,20101031,XLB,25.493120193481445,0.06162325596394447
2010-11-30,20101130,XLB,25.778804779052734,0.01120634051081515
2010-12-31,20101231,XLB,28.366430282592773,0.10037802472683621
2011-01-31,20110131,XLB,28.388591766357422,0.0007812574068668532
2011-02-28,20110228,XLB,29.14187240600586,0.026534625100394393
2011-03-31,20110331,XLB,29.653045654296875,0.01754085122497706
2011-04-30,20110430,XLB,30.28287124633789,0.02123982808996039
2011-05-31,20110531,XLB,29.452999114990234,-0.027404010821728608
2011-06-30,20110630,XLB,29.334630966186523,-0.004018882706700921
2011-07-31,20110731,XLB,28.3212890625,-0.034544218567282625
2011-08-31,20110831,XLB,26.331859588623047,-0.07024501849074172
2011-09-30,20110930,XLB,21.992523193359375,-0.16479414910515955
2011-10-31,20111031,XLB,25.80525779724121,0.1733650373065465
2011-11-30,20111130,XLB,25.857690811157227,0.0020318732844288867
2011-12-31,20111231,XLB,25.268312454223633,-0.022793155090217287
2012-01-31,20120131,XLB,28.044050216674805,0.10985053978098969
2012-02-29,20120229,XLB,27.88565444946289,-0.005648105961446825
2012-03-31,20120331,XLB,27.991838455200195,0.0038078362453262127
2012-04-30,20120430,XLB,27.76468276977539,-0.00811506846141452
2012-05-31,20120531,XLB,25.6068115234375,-0.07772000365467702
2012-06-30,20120630,XLB,26.864633560180664,0.04912060353909742
2012-07-31,20120731,XLB,26.52206802368164,-0.012751543241102725
2012-08-31,20120831,XLB,27.13867950439453,0.023248997030032248
2012-09-30,20120930,XLB,28.160860061645508,0.03766508083362918
2012-10-31,20121031,XLB,27.571603775024414,-0.02092465518919462
2012-11-30,20121130,XLB,28.084341049194336,0.018596570527913192
2012-12-31,20121231,XLB,28.981082916259766,0.03193031538445701
2013-01-31,20130131,XLB,30.123647689819336,0.03942450241976769
2013-02-28,20130228,XLB,29.714496612548828,-0.013582388211530794
2013-03-31,20130331,XLB,30.37176513671875,0.022119456800501425
2013-04-30,20130430,XLB,30.658578872680664,0.00944343322394392
2013-05-31,20130531,XLB,31.239959716796875,0.01896307218056581
2013-06-30,20130630,XLB,29.955965042114258,-0.04110103490281547
2013-07-31,20130731,XLB,31.619749069213867,0.05554099241204691
2013-08-31,20130831,XLB,31.580690383911133,-0.0012352623424441989
2013-09-30,20130930,XLB,32.979217529296875,0.0442842486463888
2013-10-31,20131031,XLB,34.36088562011719,0.041895114388111665
2013-11-30,20131130,XLB,34.80834197998047,0.013022259228420818
2013-12-31,20131231,XLB,36.51266860961914,0.04896316608871776
2014-01-31,20140131,XLB,34.790531158447266,-0.04716547753834088
2014-02-28,20140228,XLB,37.19204330444336,0.0690277516907929
2014-03-31,20140331,XLB,37.499237060546875,0.008259663326075417
2014-04-30,20140430,XLB,37.808536529541016,0.008248153648959367
2014-05-31,20140531,XLB,38.92687225341797,0.029578921231271815
2014-06-30,20140630,XLB,39.55535125732422,0.016145119490073245
2014-07-31,20140731,XLB,38.766483306884766,-0.0199433938863931
2014-08-31,20140831,XLB,40.2645378112793,0.038643033275305605
2014-09-30,20140930,XLB,39.69876480102539,-0.01405139711042247
2014-10-31,20141031,XLB,38.746124267578125,-0.023996729828295815
2014-11-30,20141130,XLB,39.354530334472656,0.015702372260330444
2014-12-31,20141231,XLB,39.13536834716797,-0.005568913805908404
2015-01-31,20150131,XLB,38.41839599609375,-0.018320316924424818
2015-02-28,20150228,XLB,41.479618072509766,0.07968115266257514
2015-03-31,20150331,XLB,39.445106506347656,-0.04904846429891463
2015-04-30,20150430,XLB,40.771263122558594,0.03362030765457624
2015-05-31,20150531,XLB,40.924903869628906,0.003768358772904934
2015-06-30,20150630,XLB,39.308563232421875,-0.039495282441128654
2015-07-31,20150731,XLB,37.32648849487305,-0.050423484720856004
2015-08-31,20150831,XLB,35.22256088256836,-0.056365538177899355
2015-09-30,20150930,XLB,32.60853576660156,-0.07421451054288553
2015-10-31,20151031,XLB,36.986839294433594,0.13426863319377857
2015-11-30,20151130,XLB,37.35444259643555,0.009938759542972742
2015-12-31,20151231,XLB,35.73320770263672,-0.04340139434856749
2016-01-31,20160131,XLB,31.906421661376953,-0.10709326946255071
2016-02-29,20160229,XLB,34.39999771118164,0.07815279558043287
2016-03-31,20160331,XLB,37.005130767822266,0.0757306171504144
2016-04-30,20160430,XLB,38.89626693725586,0.051104701704716815
2016-05-31,20160531,XLB,38.76413345336914,-0.0033970736600472673
2016-06-30,20160630,XLB,38.459999084472656,-0.007845767254473501
2016-07-31,20160731,XLB,40.410396575927734,0.05071236447955374
2016-08-31,20160831,XLB,40.3025016784668,-0.0026699786837828254
2016-09-30,20160930,XLB,39.83452606201172,-0.011611577370273074
2016-10-31,20161031,XLB,39.00028991699219,-0.020942539738538546
2016-11-30,20161130,XLB,41.66147994995117,0.06823513462651265
2016-12-31,20161231,XLB,41.73508071899414,0.0017666383702976685
2017-01-31,20170131,XLB,43.63288879394531,0.045472730428611774
2017-02-28,20170228,XLB,43.87641525268555,0.005581259125204463
2017-03-31,20170331,XLB,44.14927291870117,0.006218777546985743
2017-04-30,20170430,XLB,44.70523452758789,0.012592769305861395
2017-05-31,20170531,XLB,44.713653564453125,0.00018832329042006712
2017-06-30,20170630,XLB,45.54097366333008,0.01850262801013125
2017-07-31,20170731,XLB,46.24342346191406,0.015424566979550525
2017-08-31,20170831,XLB,46.60734939575195,0.00786978788751691
2017-09-30,20170930,XLB,48.330421447753906,0.036969964487167495
2017-10-31,20171031,XLB,50.20236587524414,0.03873221816436767
2017-11-30,20171130,XLB,50.67887496948242,0.009491765695314625
2017-12-31,20171231,XLB,51.75679397583008,0.02126959225114522
2018-01-31,20180131,XLB,53.82604217529297,0.039980223667432035
2018-02-28,20180228,XLB,50.98723602294922,-0.05274038434961892
2018-03-31,20180331,XLB,48.87313461303711,-0.041463346021748615
2018-04-30,20180430,XLB,48.9332160949707,0.0012293355523296245
2018-05-31,20180531,XLB,49.93745803833008,0.020522704688167526
2018-06-30,20180630,XLB,50.0750617980957,0.0027555219102262107
2018-07-31,20180731,XLB,51.50652313232422,0.02858631188514993
2018-08-31,20180831,XLB,51.10985565185547,-0.007701305705486661
2018-09-30,20180930,XLB,50.192222595214844,-0.01795413125193035
2018-10-31,20181031,XLB,45.582820892333984,-0.09183497889811132
2018-11-30,20181130,XLB,47.315673828125,0.03801548262851018
2018-12-31,20181231,XLB,44.056705474853516,-0.06887714132762313
2019-01-31,20190131,XLB,46.52464294433594,0.05601729504924191
2019-02-28,20190228,XLB,48.00716781616211,0.031865368071710476
2019-03-31,20190331,XLB,48.6086540222168,0.012529091663103564
2019-04-30,20190430,XLB,50.31652069091797,0.03513503311407429
2019-05-31,20190531,XLB,46.20009994506836,-0.08181052046773607
2019-06-30,20190630,XLB,51.542564392089844,0.11563750843339382
2019-07-31,20190731,XLB,51.4015998840332,-0.0027349145258723784
2019-08-31,20190831,XLB,49.94782638549805,-0.02828265076991776
2019-09-30,20190930,XLB,51.53605270385742,0.03179770639269508
2019-10-31,20191031,XLB,51.527198791503906,-0.00017180035895247858
2019-11-30,20191130,XLB,53.16537857055664,0.03179252545206945
2019-12-31,20191231,XLB,54.687191009521484,0.028624124945244578
2020-01-31,20200131,XLB,51.312652587890625,-0.06170619407099054
2020-02-29,20200229,XLB,46.940887451171875,-0.08519858000384206
2020-03-31,20200331,XLB,40.370697021484375,-0.13996732457437755
2020-04-30,20200430,XLB,46.501590728759766,0.15186494560677688
2020-05-31,20200531,XLB,49.701499938964844,0.0688128977967637
2020-06-30,20200630,XLB,50.78570556640625,0.021814344210393077
2020-07-31,20200731,XLB,54.39974594116211,0.07116255124249915
2020-08-31,20200831,XLB,56.77005386352539,0.04357204029825734
2020-09-30,20200930,XLB,57.62592697143555,0.01507613697122201
2020-10-31,20201031,XLB,57.20939636230469,-0.007228180630175829
2020-11-30,20201130,XLB,64.28134155273438,0.12361509891912426
2020-12-31,20201231,XLB,65.8765640258789,0.02481625981367963
2021-01-31,20210131,XLB,64.28400421142578,-0.024174907085735442
2021-02-28,20210228,XLB,66.93218994140625,0.04119509608130145
2021-03-31,20210331,XLB,72.01263427734375,0.07590434946749869
2021-04-30,20210430,XLB,75.88741302490234,0.053806929665086045
2021-05-31,20210531,XLB,79.74393463134766,0.0508189889827948
2021-06-30,20210630,XLB,75.54682159423828,-0.052632379584885314
2021-07-31,20210731,XLB,77.11632537841797,0.020775245749046656
2021-08-31,20210831,XLB,78.57569885253906,0.018924312938405574
2021-09-30,20210930,XLB,72.92720031738281,-0.07188607441795247
2021-10-31,20211031,XLB,78.46748352050781,0.07597005203838081
2021-11-30,20211130,XLB,78.03422546386719,-0.005521498042273643
2021-12-31,20211231,XLB,83.95171356201172,0.07583195787449126
2022-01-31,20220131,XLB,78.24439239501953,-0.06798337907392948
2022-02-28,20220228,XLB,77.25300598144531,-0.012670382927496782
2022-03-31,20220331,XLB,81.98002624511719,0.06118881982155111
2022-04-30,20220430,XLB,79.07841491699219,-0.0353941253867045
2022-05-31,20220531,XLB,80.00841522216797,0.01176048237881333
2022-06-30,20220630,XLB,68.92220306396484,-0.13856307648912736
2022-07-31,20220731,XLB,73.16431427001953,0.06154926884907752
2022-08-31,20220831,XLB,70.61717987060547,-0.034813890143405635
2022-09-30,20220930,XLB,64.04771423339844,-0.09302928337331673
2022-10-31,20221031,XLB,69.76407623291016,0.08925161604800658
2022-11-30,20221130,XLB,77.92896270751953,0.11703568534829545
2022-12-31,20221231,XLB,73.62825012207031,-0.05518760209333873
2023-01-31,20230131,XLB,80.23469543457031,0.08972704500714057
2023-02-28,20230228,XLB,77.56178283691406,-0.033313675376707264
2023-03-31,20230331,XLB,76.78533935546875,-0.01001064510182681
2023-04-30,20230430,XLB,76.68063354492188,-0.001363617214246493
2023-05-31,20230531,XLB,71.41625213623047,-0.06865333742459712
2023-06-30,20230630,XLB,79.27610778808594,0.110056960660192
2023-07-31,20230731,XLB,82.00251007080078,0.03439122276288886
2023-08-31,20230831,XLB,79.29522705078125,-0.03301463598714316
2023-09-30,20230930,XLB,75.50569152832031,-0.04779020961796465
2023-10-31,20231031,XLB,73.11219024658203,-0.031699614072676074
2023-11-30,20231130,XLB,79.2160873413086,0.0834867219015083
2023-12-31,20231231,XLB,82.79933166503906,0.04523379586133536
2024-01-31,20240131,XLB,79.57601928710938,-0.038929207677296906
2024-02-29,20240229,XLB,84.75460052490234,0.06507715872427222
2024-03-31,20240331,XLB,90.23683166503906,0.06468358184905787
2024-04-30,20240430,XLB,86.09849548339844,-0.045860832049181566
2024-05-31,20240531,XLB,88.91566467285156,0.032720306825760215
2024-06-30,20240630,XLB,86.19630432128906,-0.03058359133419153
2024-07-31,20240731,XLB,89.93463897705078,0.043370010874566045
2024-08-31,20240831,XLB,92.02342224121094,0.023225570124244976
2024-09-30,20240930,XLB,94.49303436279297,0.02683677765328807
2024-10-31,20241031,XLB,91.56156921386719,-0.03102308195195458
2024-11-30,20241130,XLB,92.92436218261719,0.014883897037269334
2024-12-31,20241231,XLB,82.92288970947266,-0.10763025151024874
2025-01-31,20250131,XLB,87.50563049316406,0.05526508783940631
2025-02-28,20250228,XLB,87.47606658935547,-0.00033785144615239293
2025-03-31,20250331,XLB,85.14019775390625,-0.026702947749292827
2025-04-30,20250430,XLB,83.07061004638672,-0.024307997422105765
2025-05-31,20250531,XLB,85.49667358398438,0.029204835937077345
2025-06-30,20250630,XLB,87.39525604248047,0.022206506743576382
2025-07-31,20250731,XLB,87.31564331054688,-0.000910950268226185
2025-08-31,20250831,XLB,91.84414672851562,0.051863597933564654
2025-09-30,20250930,XLB,89.62000274658203,-0.024216502206809043
2025-10-31,20251031,XLB,85.66999816894531,-0.04407503299019222
2025-11-30,20251130,XLB,86.3499984741211,0.007937438072950442
1998-12-31,19981231,XLK,24.343860626220703,
1999-01-31,19990131,XLK,28.214611053466797,0.15900314607769817
1999-02-28,19990228,XLK,25.416481018066406,-0.09917308553706172
1999-03-31,19990331,XLK,27.305225372314453,0.07431179607064808
1999-04-30,19990430,XLK,27.46845054626465,0.005977799916483839
1999-05-31,19990531,XLK,27.56171989440918,0.0033955081662666586
1999-06-30,19990630,XLK,30.208303451538086,0.09602388991935729
1999-07-31,19990731,XLK,29.85852813720703,-0.011578780479750694
1999-08-31,19990831,XLK,30.90782356262207,0.03514223543080486
1999-09-30,19990930,XLK,30.779586791992188,-0.004149006816027145
1999-10-31,19991031,XLK,31.71230697631836,0.030303206817865247
1999-11-30,19991130,XLK,34.82521057128906,0.09816074236716088
1999-12-31,19991231,XLK,40.20079040527344,0.15435886088844386
2000-01-31,20000131,XLK,37.729061126708984,-0.061484594050176145
2000-02-29,20000229,XLK,41.693172454833984,0.10506784981507922
2000-03-31,20000331,XLK,45.19091796875,0.08389252503404743
2000-04-30,20000430,XLK,41.04025650024414,-0.09184724840898528
2000-05-31,20000531,XLK,36.77302169799805,-0.10397680633942208
2000-06-30,20000630,XLK,40.43396759033203,0.09955520986009403
2000-07-31,20000731,XLK,38.288692474365234,-0.05305626046155665
2000-08-31,20000831,XLK,42.182857513427734,0.10170535443772843
2000-09-30,20000930,XLK,34.60438537597656,-0.17965762833963483
2000-10-31,20001031,XLK,32.62234115600586,-0.05727725542401052
2000-11-30,20001130,XLK,25.92998695373535,-0.2051463495604584
2000-12-31,20001231,XLK,23.36496925354004,-0.09892090207264093
2001-01-31,20010131,XLK,27.832748413085938,0.19121699288643335
2001-02-28,20010228,XLK,20.90068817138672,-0.24906129063560312
2001-03-31,20010331,XLK,18.50542449951172,-0.11460214382577816
2001-04-30,20010430,XLK,21.49764060974121,0.16169400006514012
2001-05-31,20010531,XLK,20.617128372192383,-0.04095855231433365
2001-06-30,20010630,XLK,21.020071029663086,0.01954407278242387
2001-07-31,20010731,XLK,19.56499671936035,-0.06922309197953536
2001-08-31,20010831,XLK,17.17721176147461,-0.12204371879719933
2001-09-30,20010930,XLK,14.36408805847168,-0.16377068304602604
2001-10-31,20011031,XLK,15.931081771850586,0.10909106843401184
2001-11-30,20011130,XLK,18.311416625976562,0.14941451485936796
2001-12-31,20011231,XLK,17.908475875854492,-0.02200489226761726
2002-01-31,20020131,XLK,17.7144775390625,-0.010832766458565901
2002-02-28,20020228,XLK,15.408747673034668,-0.1301607603692193
2002-03-31,20020331,XLK,16.169858932495117,0.04939475131988802
2002-04-30,20020430,XLK,14.214853286743164,-0.12090431053935502
2002-05-31,20020531,XLK,13.625358581542969,-0.04147033341173911
2002-06-30,20020630,XLK,11.804666519165039,-0.13362525848268358
2002-07-31,20020731,XLK,10.68539047241211,-0.09481640543896519
2002-08-31,20020831,XLK,10.595844268798828,-0.008380246266570635
2002-09-30,20020930,XLK,8.827384948730469,-0.16690121855375628
2002-10-31,20021031,XLK,11.013712882995605,0.2476756080043352
2002-11-30,20021130,XLK,12.759785652160645,0.1585362527346117
2002-12-31,20021231,XLK,11.073369979858398,-0.132166457828912
2003-01-31,20030131,XLK,10.811500549316406,-0.023648575909439695
2003-02-28,20030228,XLK,10.863876342773438,0.0048444518148169635
2003-03-31,20030331,XLK,10.699271202087402,-0.015151602935496333
2003-04-30,20030430,XLK,11.67940902709961,0.09160790548247655
2003-05-31,20030531,XLK,12.682000160217285,0.08584262532388198
2003-06-30,20030630,XLK,12.771785736083984,0.007079764605929517
2003-07-31,20030731,XLK,13.168329238891602,0.031048399260822812
2003-08-31,20030831,XLK,13.7968168258667,0.04772720787682849
2003-09-30,20030930,XLK,13.677104949951172,-0.00867677504358022
2003-10-31,20031031,XLK,14.679693222045898,0.07330412947502496
2003-11-30,20031130,XLK,14.88919448852539,0.014271501679944176
2003-12-31,20031231,XLK,15.356050491333008,0.03135535660894262
2004-01-31,20040131,XLK,16.011585235595703,0.042689019851340104
2004-02-29,20040229,XLK,15.604701042175293,-0.025411861938308133
2004-03-31,20040331,XLK,15.190284729003906,-0.026557145314820896
2004-04-30,20040430,XLK,14.61009407043457,-0.03819485078258844
2004-05-31,20040531,XLK,15.182747840881348,0.039195762031787096
2004-06-30,20040630,XLK,15.59716796875,0.027295462732561226
2004-07-31,20040731,XLK,14.647773742675781,-0.060869654540900986
2004-08-31,20040831,XLK,13.999773979187012,-0.044238788424267095
2004-09-30,20040930,XLK,14.406659126281738,0.02906369400674813
2004-10-31,20041031,XLK,15.039587020874023,0.04393300966201452
2004-11-30,20041130,XLK,15.808136940002441,0.051101796748921124
2004-12-31,20041231,XLK,16.221769332885742,0.026165790089824226
2005-01-31,20050131,XLK,15.307329177856445,-0.05637117235883071
2005-02-28,20050228,XLK,15.330376625061035,0.0015056478459958278
2005-03-31,20050331,XLK,15.030694007873535,-0.019548287985149626
2005-04-30,20050430,XLK,14.500466346740723,-0.0352763259537493
2005-05-31,20050531,XLK,15.507123947143555,0.06942242934339138
2005-06-30,20050630,XLK,15.307329177856445,-0.012884063477413
2005-07-31,20050731,XLK,16.175661087036133,0.05672654576709668
2005-08-31,20050831,XLK,16.02198028564453,-0.009500743157555891
2005-09-30,20050930,XLK,16.060407638549805,0.002398414691578754
2005-10-31,20051031,XLK,15.691544532775879,-0.022967231845880676
2005-11-30,20051130,XLK,16.682842254638672,0.06317400557938768
2005-12-31,20051231,XLK,16.170438766479492,-0.030714399880913956
2006-01-31,20060131,XLK,16.712017059326172,0.033491873700381314
2006-02-28,20060228,XLK,16.750715255737305,0.0023155910069836416
2006-03-31,20060331,XLK,17.12982749938965,0.022632600331648156
2006-04-30,20060430,XLK,16.905458450317383,-0.013098149942272319
2006-05-31,20060531,XLK,15.806785583496094,-0.06498923824219993
2006-06-30,20060630,XLK,15.72941780090332,-0.0048945930331055765
2006-07-31,20060731,XLK,15.319352149963379,-0.026069982762896182
2006-08-31,20060831,XLK,16.39480972290039,0.07020254919458746
2006-09-30,20060930,XLK,17.05610466003418,0.04033562745227148
2006-10-31,20061031,XLK,17.730594635009766,0.039545370318701645
2006-11-30,20061130,XLK,18.234521865844727,0.0284213384383587
2006-12-31,20061231,XLK,18.136306762695312,-0.005386217630053758
2007-01-31,20070131,XLK,18.502777099609375,0.020206447856730092
2007-02-28,20070228,XLK,18.003761291503906,-0.026969778937455002
2007-03-31,20070331,XLK,18.18309211730957,0.00996074225280319
2007-04-30,20070430,XLK,19.04077911376953,0.04716947980720376
2007-05-31,20070531,XLK,19.999845504760742,0.050369072886185196
2007-06-30,20070630,XLK,19.974876403808594,-0.0012484646917000353
2007-07-31,20070731,XLK,19.935861587524414,-0.0019531943775502603
2007-08-31,20070831,XLK,20.318199157714844,0.01917838205847544
2007-09-30,20070930,XLK,21.085899353027344,0.037783869985396956
2007-10-31,20071031,XLK,22.203908920288086,0.053021668582527326
2007-11-30,20071130,XLK,20.53080940246582,-0.07535157542884385
2007-12-31,20071231,XLK,20.93963623046875,0.01991284512893232
2008-01-31,20080131,XLK,18.26131248474121,-0.12790688989288057
2008-02-29,20080229,XLK,17.397340774536133,-0.04731158896311505
2008-03-31,20080331,XLK,17.598468780517578,0.011560847636888916
2008-04-30,20080430,XLK,18.698368072509766,0.06249971549853428
2008-05-31,20080531,XLK,19.916122436523438,0.06512623771718395
2008-06-30,20080630,XLK,18.050500869750977,-0.09367393541180324
2008-07-31,20080731,XLK,17.609291076660156,-0.024443077578539585
2008-08-31,20080831,XLK,17.924434661865234,0.017896437956141042
2008-09-30,20080930,XLK,15.693205833435059,-0.12447973230515219
2008-10-31,20081031,XLK,13.163326263427734,-0.1612085890454139
2008-11-30,20081130,XLK,12.056497573852539,-0.08408427075535974
2008-12-31,20081231,XLK,12.248174667358398,0.01589824012585206
2009-01-31,20090131,XLK,11.667956352233887,-0.04737181913896149
2009-02-28,20090228,XLK,11.222855567932129,-0.038147278826299424
2009-03-31,20090331,XLK,12.477681159973145,0.11180983168192227
2009-04-30,20090430,XLK,13.779769897460938,0.10435342278697846
2009-05-31,20090531,XLK,14.099295616149902,0.023188030066296106
2009-06-30,20090630,XLK,14.61246395111084,0.0363967356194117
2009-07-31,20090731,XLK,15.80810832977295,0.08182359817361373
2009-08-31,20090831,XLK,16.064897537231445,0.01624414522608375
2009-09-30,20090930,XLK,16.80907440185547,0.046323162839933874
2009-10-31,20091031,XLK,16.59966278076172,-0.012458248210897027
2009-11-30,20091130,XLK,17.517839431762695,0.05531297009630243
2009-12-31,20091231,XLK,18.534549713134766,0.05803856607616864
2010-01-31,20100131,XLK,16.94217300415039,-0.08591396789401984
2010-02-28,20100228,XLK,17.532241821289062,0.034828402294919236
2010-03-31,20100331,XLK,18.73141098022461,0.06839793627985546
2010-04-30,20100430,XLK,18.96657371520996,0.012554459204040747
2010-05-31,20100531,XLK,17.547523498535156,-0.07481848002609026
2010-06-30,20100630,XLK,16.600543975830078,-0.053966562448776956
2010-07-31,20100731,XLK,17.837453842163086,0.0745102008785925
2010-08-31,20100831,XLK,16.836530685424805,-0.05611356674529189
2010-09-30,20100930,XLK,18.80029296875,0.11663699131467764
2010-10-31,20101031,XLK,19.88648796081543,0.05777542902501098
2010-11-30,20101130,XLK,19.559818267822266,-0.016426716152034393
2010-12-31,20101231,XLK,20.646486282348633,0.05555614063725933
2011-01-31,20110131,XLK,21.302181243896484,0.03175818648175621
2011-02-28,20110228,XLK,21.76938247680664,0.021932084210579017
2011-03-31,20110331,XLK,21.431751251220703,-0.015509453515535121
2011-04-30,20110430,XLK,21.990978240966797,0.026093387478741015
2011-05-31,20110531,XLK,21.760709762573242,-0.010471042982735046
2011-06-30,20110630,XLK,21.220319747924805,-0.02483328993146483
2011-07-31,20110731,XLK,21.311145782470703,0.004280144485324211
2011-08-31,20110831,XLK,20.179943084716797,-0.053080332202709024
2011-09-30,20110930,XLK,19.560501098632812,-0.030695923347430876
2011-10-31,20111031,XLK,21.558000564575195,0.10211903344756323
2011-11-30,20111130,XLK,21.234756469726562,-0.014994159308994504
2011-12-31,20111231,XLK,21.1861515045166,-0.0022889344306470383
2012-01-31,20120131,XLK,22.50144386291504,0.062082646681632436
2012-02-29,20120229,XLK,24.099767684936523,0.07103205606533125
2012-03-31,20120331,XLK,25.187679290771484,0.04514199556018772
2012-04-30,20120430,XLK,24.903724670410156,-0.011273552322280334
2012-05-31,20120531,XLK,23.325321197509766,-0.06338021696713514
2012-06-30,20120630,XLK,24.08660316467285,0.03263757702270609
2012-07-31,20120731,XLK,24.530933380126953,0.01844719292364938
2012-08-31,20120831,XLK,25.562143325805664,0.04203712633756185
2012-09-30,20120930,XLK,25.95396614074707,0.01532824575574021
2012-10-31,20121031,XLK,24.30396270751953,-0.06357423078537028
2012-11-30,20121130,XLK,24.522829055786133,0.009005377061366504
2012-12-31,20121231,XLK,24.426847457885742,-0.003913969211384427
2013-01-31,20130131,XLK,24.892513275146484,0.019063688757364083
2013-02-28,20130228,XLK,25.087255477905273,0.007823324250397334
2013-03-31,20130331,XLK,25.73392677307129,0.025776884830448932
2013-04-30,20130430,XLK,26.184505462646484,0.01750913078864791
2013-05-31,20130531,XLK,26.915630340576172,0.027922042635965427
2013-06-30,20130630,XLK,26.13729476928711,-0.028917605177378958
2013-07-31,20130731,XLK,27.111352920532227,0.037266984201811626
2013-08-31,20130831,XLK,26.82939338684082,-0.010400053974358059
2013-09-30,20130930,XLK,27.508743286132812,0.025321105456868054
2013-10-31,20131031,XLK,28.891056060791016,0.05024994272839178
2013-11-30,20131130,XLK,29.783967971801758,0.030906170723975057
2013-12-31,20131231,XLK,30.83673095703125,0.035346633001559935
2014-01-31,20140131,XLK,30.042951583862305,-0.02574135936377364
2014-02-28,20140228,XLK,31.36305809020996,0.04394063954277905
2014-03-31,20140331,XLK,31.49798011779785,0.004301941067092807
2014-04-30,20140430,XLK,31.58463478088379,0.002751118095886129
2014-05-31,20140531,XLK,32.77176284790039,0.0375856195663562
2014-06-30,20140630,XLK,33.38423538208008,0.01868903229351071
2014-07-31,20140731,XLK,33.9500617980957,0.016948910452487143
2014-08-31,20140831,XLK,35.064327239990234,0.032820719105643326
2014-09-30,20140930,XLK,34.883026123046875,-0.00517052888830527
2014-10-31,20141031,XLK,35.442543029785156,0.016039804137537583
2014-11-30,20141130,XLK,37.14737319946289,0.04810123721215587
2014-12-31,20141231,XLK,36.338748931884766,-0.021768006669979467
2015-01-31,20150131,XLK,35.06448745727539,-0.035066190005548004
2015-02-28,20150228,XLK,37.867881774902344,0.07994967332811509
2015-03-31,20150331,XLK,36.56689453125,-0.03435595503825084
2015-04-30,20150430,XLK,37.57286071777344,0.02751029857522469
2015-05-31,20150531,XLK,38.26995849609375,0.01855322605208376
2015-06-30,20150630,XLK,36.695980072021484,-0.041128302353213186
2015-07-31,20150731,XLK,37.74188995361328,0.028502028820024394
2015-08-31,20150831,XLK,35.658912658691406,-0.0551900632819915
2015-09-30,20150930,XLK,35.16972351074219,-0.013718566032326462
2015-10-31,20151031,XLK,38.86477279663086,0.10506335896442476
2015-11-30,20151130,XLK,39.14078903198242,0.007101964465246802
2015-12-31,20151231,XLK,38.326210021972656,-0.020811512239678254
2016-01-31,20160131,XLK,36.90340805053711,-0.03712347165607677
2016-02-29,20160229,XLK,36.66179656982422,-0.006547131917518767
2016-03-31,20160331,XLK,39.89597702026367,0.08821663838213145
2016-04-30,20160430,XLK,37.89039993286133,-0.05027015847697336
2016-05-31,20160531,XLK,39.74309158325195,0.04889607007773589
2016-06-30,20160630,XLK,39.19550704956055,-0.01377810612806385
2016-07-31,20160731,XLK,41.979034423828125,0.07101649101637997
2016-08-31,20160831,XLK,42.467071533203125,0.011625734514226549
2016-09-30,20160930,XLK,43.35964584350586,0.021018032985977708
2016-10-31,20161031,XLK,43.032955169677734,-0.007534440548873977
2016-11-30,20161130,XLK,43.10554885864258,0.0016869324609152248
2016-12-31,20161231,XLK,44.07967758178711,0.02259868506347118
2017-01-31,20170131,XLK,45.647430419921875,0.035566340865944346
2017-02-28,20170228,XLK,47.716514587402344,0.045327505808026025
2017-03-31,20170331,XLK,48.778709411621094,0.022260528318201578
2017-04-30,20170430,XLK,49.757747650146484,0.020071015620026778
2017-05-31,20170531,XLK,51.725013732910156,0.03953687969551578
2017-06-30,20170630,XLK,50.27058410644531,-0.028118496671165838
2017-07-31,20170731,XLK,52.51218032836914,0.04459061420844779
2017-08-31,20170831,XLK,54.046390533447266,0.029216273167185225
2017-09-30,20170930,XLK,54.4884147644043,0.008178607795898518
2017-10-31,20171031,XLK,58.037994384765625,0.06514374910169285
2017-11-30,20171130,XLK,58.85854721069336,0.014138200925549516
2017-12-31,20171231,XLK,59.179786682128906,0.00545782195890121
2018-01-31,20180131,XLK,63.344112396240234,0.0703673660819204
2018-02-28,20180228,XLK,63.084999084472656,-0.004090566620410296
2018-03-31,20180331,XLK,60.72954177856445,-0.037337835303035805
2018-04-30,20180430,XLK,60.76667022705078,0.0006113737630641936
2018-05-31,20180531,XLK,64.8883285522461,0.0678276152008166
2018-06-30,20180630,XLK,64.71758270263672,-0.0026313799941987126
2018-07-31,20180731,XLK,66.06838989257812,0.020872336906464506
2018-08-31,20180831,XLK,70.42823028564453,0.06598980844175495
2018-09-30,20180930,XLK,70.41465759277344,-0.00019271665376296987
2018-10-31,20181031,XLK,64.77812957763672,-0.08004765212002096
2018-11-30,20181130,XLK,63.50688934326172,-0.019624528257664697
2018-12-31,20181231,XLK,58.187217712402344,-0.08376526839640919
2019-01-31,20190131,XLK,62.22408676147461,0.0693772482648165
2019-02-28,20190228,XLK,66.52383422851562,0.06910101362392607
2019-03-31,20190331,XLK,69.69612121582031,0.04768647243644408
2019-04-30,20190430,XLK,74.1321792602539,0.06364856418188536
2019-05-31,20190531,XLK,67.70886993408203,-0.08664670849108225
2019-06-30,20190630,XLK,73.76085662841797,0.08938247972869506
2019-07-31,20190731,XLK,76.34115600585938,0.03498196055992242
2019-08-31,20190831,XLK,75.16914367675781,-0.01535229999676202
2019-09-30,20190930,XLK,76.35144805908203,0.01572858655152909
2019-10-31,20191031,XLK,79.32852935791016,0.03899181187139256
2019-11-30,20191130,XLK,83.58556365966797,0.053663345787631433
2019-12-31,20191231,XLK,87.19698333740234,0.043206260981128786
2020-01-31,20200131,XLK,90.67839813232422,0.039925862818565694
2020-02-29,20200229,XLK,84.05799102783203,-0.0730097491888998
2020-03-31,20200331,XLK,76.8475570678711,-0.0857792801349907
2020-04-30,20200430,XLK,87.40369415283203,0.13736464095583223
2020-05-31,20200531,XLK,93.67618560791016,0.07176460349730984
2020-06-30,20200630,XLK,100.18578338623047,0.06949042316439735
2020-07-31,20200731,XLK,105.88108825683594,0.05684743561518357
2020-08-31,20200831,XLK,118.46064758300781,0.11880836826740593
2020-09-30,20200930,XLK,112.14065551757812,-0.0533509835914171
2020-10-31,20201031,XLK,106.52880096435547,-0.050042997584787585
2020-11-30,20201130,XLK,118.65577697753906,0.11383753410724373
2020-12-31,20201231,XLK,125.23124694824219,0.05541634919257099
2021-01-31,20210131,XLK,124.1813735961914,-0.008383477587543986
2021-02-28,20210228,XLK,125.87654876708984,0.013650800613711489
2021-03-31,20210331,XLK,128.1884765625,0.018366628399448137
2021-04-30,20210430,XLK,134.83877563476562,0.05187907096331856
2021-05-31,20210531,XLK,133.583984375,-0.00930586364240249
2021-06-30,20210630,XLK,142.7830047607422,0.0688631981504495
2021-07-31,20210731,XLK,148.33343505859375,0.03887318597302447
2021-08-31,20210831,XLK,153.61309814453125,0.035593209877813115
2021-09-30,20210930,XLK,144.64218139648438,-0.058399425937014415
2021-10-31,20211031,XLK,156.4696502685547,0.08177053718271554
2021-11-30,20211130,XLK,163.4344024658203,0.04451184102036243
2021-12-31,20211231,XLK,168.74168395996094,0.03247346589253475
2022-01-31,20220131,XLK,157.1926727294922,-0.06844195790536911
2022-02-28,20220228,XLK,149.52572631835938,-0.04877419715565634
2022-03-31,20220331,XLK,154.52734375,0.03344987885891659
2022-04-30,20220430,XLK,137.50241088867188,-0.11017424132308706
2022-05-31,20220531,XLK,136.55931091308594,-0.0068587886531641384
2022-06-30,20220630,XLK,123.91973876953125,-0.09255738081161835
2022-07-31,20220731,XLK,140.5892333984375,0.13451847780205983
2022-08-31,20220831,XLK,131.85479736328125,-0.062127346625487245
2022-09-30,20220930,XLK,116.07559204101562,-0.1196710748323504
2022-10-31,20221031,XLK,124.9586181640625,0.07652794154957254
2022-11-30,20221130,XLK,132.8644256591797,0.06326740493190619
2022-12-31,20221231,XLK,121.95590209960938,-0.08210266597285087
2023-01-31,20230131,XLK,133.2459259033203,0.09257464058188547
2023-02-28,20230228,XLK,133.79476928710938,0.00411902562925115
2023-03-31,20230331,XLK,148.32220458984375,0.10857999442085853
2023-04-30,20230430,XLK,148.14541625976562,-0.0011919208628741185
2023-05-31,20230531,XLK,161.3560028076172,0.08917310357201647
2023-06-30,20230630,XLK,171.12319946289062,0.06053196959098406
2023-07-31,20230731,XLK,175.5425262451172,0.02582540997420346
2023-08-31,20230831,XLK,172.8948516845703,-0.015082809944581888
2023-09-30,20230930,XLK,161.6941375732422,-0.06478338714077347
2023-10-31,20231031,XLK,161.77305603027344,0.0004880724695135452
2023-11-30,20231130,XLK,182.6345672607422,0.12895541286284917
2023-12-31,20231231,XLK,190.2736053466797,0.041826901667697314
2024-01-31,20240131,XLK,195.41400146484375,0.027015812880605505
2024-02-29,20240229,XLK,204.6073760986328,0.047045629099627284
2024-03-31,20240331,XLK,206.2226104736328,0.00789431156294862
2024-04-30,20240430,XLK,194.34056091308594,-0.057617588746730064
2024-05-31,20240531,XLK,208.09402465820312,0.07076990866187782
2024-06-30,20240630,XLK,224.3990020751953,0.0783538952825451
2024-07-31,20240731,XLK,217.02914428710938,-0.03284264956586713
2024-08-31,20240831,XLK,218.54676818847656,0.006992719371180511
2024-09-30,20240930,XLK,224.3350372314453,0.026485264874641867
2024-10-31,20241031,XLK,220.83729553222656,-0.015591597917048228
2024-11-30,20241130,XLK,232.2547607421875,0.05170080163517854
2024-12-31,20241231,XLK,231.4309844970703,-0.003546864841369679
2025-01-31,20250131,XLK,229.72897338867188,-0.007354292304883603
2025-02-28,20250228,XLK,224.4737091064453,-0.02287593160195489
2025-03-31,20250331,XLK,205.87376403808594,-0.08286023847692248
2025-04-30,20250430,XLK,209.35353088378906,0.01690242980674017
2025-05-31,20250531,XLK,230.23204040527344,0.09972848049586469
2025-06-30,20250630,XLK,252.90496826171875,0.09847859497111933
2025-07-31,20250731,XLK,262.40277099609375,0.03755482859690673
2025-08-31,20250831,XLK,262.1131591796875,-0.0011036919134156387
2025-09-30,20250930,XLK,281.8599853515625,0.07533702708278711
2025-10-31,20251031,XLK,300.67999267578125,0.06677076670086612
2025-11-30,20251130,XLK,273.20001220703125,-0.09139278015874253
1998-12-31,19981231,XLU,11.995341300964355,
1999-01-31,19990131,XLU,11.697773933410645,-0.024806911290618183
1999-02-28,19990228,XLU,11.375419616699219,-0.02755689403355044
1999-03-31,19990331,XLU,10.657783508300781,-0.06308656142626523
1999-04-30,19990430,XLU,11.687369346618652,0.09660412387960227
1999-05-31,19990531,XLU,11.824644088745117,0.011745563783879254
1999-06-30,19990630,XLU,12.311538696289062,0.04117625899686739
1999-07-31,19990731,XLU,12.349211692810059,0.003059974666883125
1999-08-31,19990831,XLU,11.759062767028809,-0.047788388478662625
1999-09-30,19990930,XLU,12.058121681213379,0.025432206640064958
1999-10-31,19991031,XLU,12.121384620666504,0.005246500336091975
1999-11-30,19991130,XLU,11.722822189331055,-0.0328809326498819
1999-12-31,19991231,XLU,11.466520309448242,-0.021863496327366727
2000-01-31,20000131,XLU,11.26278018951416,-0.017768260504122058
2000-02-29,20000229,XLU,9.893930435180664,-0.12153746511078312
2000-03-31,20000331,XLU,10.974714279174805,0.10923705711039866
2000-04-30,20000430,XLU,11.693110466003418,0.06545921547969713
2000-05-31,20000531,XLU,11.667452812194824,-0.0021942539483562618
2000-06-30,20000630,XLU,11.271132469177246,-0.03396802621762862
2000-07-31,20000731,XLU,11.445632934570312,0.015482070312833773
2000-08-31,20000831,XLU,11.891562461853027,0.03896066996311154
2000-09-30,20000930,XLU,13.4629545211792,0.13214344745419648
2000-10-31,20001031,XLU,14.244921684265137,0.05808287934537604
2000-11-30,20001130,XLU,14.238405227661133,-0.0004574582260569171
2000-12-31,20001231,XLU,14.044113159179688,-0.013645634140542096
2001-01-31,20010131,XLU,13.253830909729004,-0.05627142422546838
2001-02-28,20010228,XLU,13.528895378112793,0.020753582134647397
2001-03-31,20010331,XLU,13.334956169128418,-0.014335184326883965
2001-04-30,20010430,XLU,13.978472709655762,0.04825786694501022
2001-05-31,20010531,XLU,14.076498985290527,0.007012659942960298
2001-06-30,20010630,XLU,13.370200157165527,-0.0501757453229712
2001-07-31,20010731,XLU,13.250018119812012,-0.008988798667244002
2001-08-31,20010831,XLU,12.777876853942871,-0.035633254354812904
2001-09-30,20010930,XLU,12.655747413635254,-0.009557882088207181
2001-10-31,20011031,XLU,11.989660263061523,-0.05263119820612816
2001-11-30,20011130,XLU,11.838277816772461,-0.012626083055535031
2001-12-31,20011231,XLU,12.217652320861816,0.03204642685035308
2002-01-31,20020131,XLU,11.777419090270996,-0.0360325551120092
2002-02-28,20020228,XLU,11.75562858581543,-0.0018501935176584716
2002-03-31,20020331,XLU,12.382452964782715,0.05332121327171091
2002-04-30,20020430,XLU,11.631067276000977,-0.06068148943660645
2002-05-31,20020531,XLU,11.534396171569824,-0.008311456045879795
2002-06-30,20020630,XLU,10.758610725402832,-0.06725843595342784
2002-07-31,20020731,XLU,9.174762725830078,-0.14721677733287908
2002-08-31,20020831,XLU,9.538558959960938,0.039651841143166555
2002-09-30,20020930,XLU,8.38396167755127,-0.12104525298383184
2002-10-31,20021031,XLU,8.190864562988281,-0.023031726764689453
2002-11-30,20021130,XLU,8.428866386413574,0.02905698435068027
2002-12-31,20021231,XLU,8.7019624710083,0.03240009653432496
2003-01-31,20030131,XLU,8.497478485107422,-0.02349860581244101
2003-02-28,20030228,XLU,8.043068885803223,-0.0534758163966631
2003-03-31,20030331,XLU,8.450515747070312,0.05065813398493613
2003-04-30,20030430,XLU,9.18074893951416,0.0864128550611849
2003-05-31,20030531,XLU,10.108467102050781,0.10105037929353466
2003-06-30,20030630,XLU,10.24563980102539,0.013570079181123296
2003-07-31,20030731,XLU,9.560125350952148,-0.06690792018714486
2003-08-31,20030831,XLU,9.750031471252441,0.019864396472728085
2003-09-30,20030930,XLU,10.23482894897461,0.04972265773208773
2003-10-31,20031031,XLU,10.304930686950684,0.006849331662069247
2003-11-30,20031130,XLU,10.32829475402832,0.002267270667547727
2003-12-31,20031231,XLU,11.005011558532715,0.06552067118731841
2004-01-31,20040131,XLU,11.231433868408203,0.020574472700115587
2004-02-29,20040229,XLU,11.443707466125488,0.018899955268789848
2004-03-31,20040331,XLU,11.565706253051758,0.010660774691016783
2004-04-30,20040430,XLU,11.07111930847168,-0.042763228959716626
2004-05-31,20040531,XLU,11.20427417755127,0.012027227362431114
2004-06-30,20040630,XLU,11.398316383361816,0.017318587776022687
2004-07-31,20040731,XLU,11.571016311645508,0.01515135415400315
2004-08-31,20040831,XLU,12.041152000427246,0.04063045769873952
2004-09-30,20040930,XLU,12.117583274841309,0.006347505156595545
2004-10-31,20041031,XLU,12.707738876342773,0.04870241764517136
2004-11-30,20041130,XLU,13.273709297180176,0.044537460703653275
2004-12-31,20041231,XLU,13.600635528564453,0.024629606093130807
2005-01-31,20050131,XLU,13.888765335083008,0.02118502520808052
2005-02-28,20050228,XLU,14.186659812927246,0.02144859320876824
2005-03-31,20050331,XLU,14.343544006347656,0.011058571608057788
2005-04-30,20050430,XLU,14.786402702331543,0.03087512373426704
2005-05-31,20050531,XLU,14.77656364440918,-0.0006654125496535768
2005-06-30,20050630,XLU,15.656277656555176,0.05953441093043588
2005-07-31,20050731,XLU,16.008493423461914,0.02249677571087716
2005-08-31,20050831,XLU,16.1126708984375,0.006507637678315525
2005-09-30,20050930,XLU,16.793954849243164,0.04228249649607929
2005-10-31,20051031,XLU,15.719343185424805,-0.06398800481869749
2005-11-30,20051130,XLU,15.694352149963379,-0.0015898269518409558
2005-12-31,20051231,XLU,15.829187393188477,0.008591322657776068
2006-01-31,20060131,XLU,16.212444305419922,0.024212039614640357
2006-02-28,20060228,XLU,16.424238204956055,0.013063662427838185
2006-03-31,20060331,XLU,15.663537979125977,-0.04631570830484755
2006-04-30,20060430,XLU,15.91248607635498,0.01589347806100805
2006-05-31,20060531,XLU,16.17160415649414,0.016283947014677613
2006-06-30,20060630,XLU,16.54265785217285,0.022944767389059706
2006-07-31,20060731,XLU,17.33674430847168,0.0480023502507807
2006-08-31,20060831,XLU,17.813196182250977,0.0274821999622199
2006-09-30,20060930,XLU,17.554107666015625,-0.014544751743850837
2006-10-31,20061031,XLU,18.48371696472168,0.05295679600426273
2006-11-30,20061130,XLU,18.974346160888672,0.026543860041971845
2006-12-31,20061231,XLU,19.136348724365234,0.008537978705716487
2007-01-31,20070131,XLU,19.068599700927734,-0.0035403317745374974
2007-02-28,20070228,XLU,20.079608917236328,0.05301958361732284
2007-03-31,20070331,XLU,20.801040649414062,0.03592857486175727
2007-04-30,20070430,XLU,21.82274627685547,0.04911800542393463
2007-05-31,20070531,XLU,21.922306060791016,0.004562202331112486
2007-06-30,20070630,XLU,20.881607055664062,-0.04747215015797479
2007-07-31,20070731,XLU,20.048015594482422,-0.03991989021532383
2007-08-31,20070831,XLU,20.36456871032715,0.01578974808518452
2007-09-30,20070930,XLU,21.145790100097656,0.038361794000299154
2007-10-31,20071031,XLU,22.553760528564453,0.0665839593508637
2007-11-30,20071130,XLU,22.702518463134766,0.006595704267672309
2007-12-31,20071231,XLU,22.661376953125,-0.0018122002665287296
2008-01-31,20080131,XLU,20.996437072753906,-0.07347037577703319
2008-02-29,20080229,XLU,20.134511947631836,-0.04105101842448067
2008-03-31,20080331,XLU,20.457731246948242,0.016052998958061337
2008-04-30,20080430,XLU,21.503807067871094,0.05113352054025544
2008-05-31,20080531,XLU,22.274885177612305,0.03585774869108094
2008-06-30,20080630,XLU,22.108642578125,-0.007463230367373064
2008-07-31,20080731,XLU,20.685428619384766,-0.06437364726084127
2008-08-31,20080831,XLU,20.457279205322266,-0.011029474818263885
2008-09-30,20080930,XLU,18.210552215576172,-0.10982530800877832
2008-10-31,20081031,XLU,15.84312915802002,-0.13000281537487957
2008-11-30,20081130,XLU,16.506229400634766,0.04185412086217033
2008-12-31,20081231,XLU,16.109912872314453,-0.02401011876795267
2009-01-31,20090131,XLU,16.082172393798828,-0.0017219508718323562
2009-02-28,20090228,XLU,14.067740440368652,-0.12525869665511902
2009-03-31,20090331,XLU,14.335352897644043,0.019023130147287404
2009-04-30,20090430,XLU,14.503666877746582,0.011741181490565245
2009-05-31,20090531,XLU,15.019859313964844,0.035590477950805166
2009-06-30,20090630,XLU,15.826671600341797,0.05371636774432442
2009-07-31,20090731,XLU,16.422523498535156,0.0376485917721634
2009-08-31,20090831,XLU,16.587078094482422,0.010020055441658737
2009-09-30,20090930,XLU,16.815645217895508,0.013779830426500217
2009-10-31,20091031,XLU,16.276729583740234,-0.03204846600722466
2009-11-30,20091130,XLU,17.06217384338379,0.04825565575704971
2009-12-31,20091231,XLU,17.99570655822754,0.05471358593651576
2010-01-31,20100131,XLU,17.131311416625977,-0.048033409458233534
2010-02-28,20100228,XLU,16.90506362915039,-0.013206682312482676
2010-03-31,20100331,XLU,17.359901428222656,0.026905417752345118
2010-04-30,20100430,XLU,17.816438674926758,0.026298377821540653
2010-05-31,20100531,XLU,16.8331356048584,-0.05519077566563124
2010-06-30,20100630,XLU,16.7149600982666,-0.007020409587723431
2010-07-31,20100731,XLU,17.96296501159668,0.07466394810356136
2010-08-31,20100831,XLU,18.223201751708984,0.014487404498327416
2010-09-30,20100930,XLU,18.7507381439209,0.028948611742305008
2010-10-31,20101031,XLU,18.95389747619629,0.010834737849573894
2010-11-30,20101130,XLU,18.38026237487793,-0.03026475699991371
2010-12-31,20101231,XLU,18.95102882385254,0.031053226408494172
2011-01-31,20110131,XLU,19.180816650390625,0.012125348374166567
2011-02-28,20110228,XLU,19.416650772094727,0.012295311821319155
2011-03-31,20110331,XLU,19.461549758911133,0.0023123960637401186
2011-04-30,20110430,XLU,20.249296188354492,0.040477065763103726
2011-05-31,20110531,XLU,20.682865142822266,0.0214115567491735
2011-06-30,20110630,XLU,20.653112411499023,-0.0014385207812258605
2011-07-31,20110731,XLU,20.461881637573242,-0.00925917460359682
2011-08-31,20110831,XLU,20.906034469604492,0.021706353301138792
2011-09-30,20110930,XLU,20.95120620727539,0.0021607033001200815
2011-10-31,20111031,XLU,21.71772003173828,0.036585665611783114
2011-11-30,20111130,XLU,21.942060470581055,0.010329833818417455
2011-12-31,20111231,XLU,22.673038482666016,0.033314009550972745
2012-01-31,20120131,XLU,21.853822708129883,-0.03613171543648375
2012-02-29,20120229,XLU,21.98616600036621,0.006055841762965031
2012-03-31,20120331,XLU,22.284950256347656,0.013589647962108042
2012-04-30,20120430,XLU,22.679271697998047,0.017694517470958848
2012-05-31,20120531,XLU,22.80647087097168,0.0056086092475740035
2012-06-30,20120630,XLU,23.74407196044922,0.04111118703029715
2012-07-31,20120731,XLU,24.341035842895508,0.02514159675057659
2012-08-31,20120831,XLU,23.333250045776367,-0.041402748988321525
2012-09-30,20120930,XLU,23.6060848236084,0.011692960787578643
2012-10-31,20121031,XLU,23.936912536621094,0.014014510050469386
2012-11-30,20121130,XLU,22.91197967529297,-0.042818089415670446
2012-12-31,20121231,XLU,22.908161163330078,-0.0001666600624217196
2013-01-31,20130131,XLU,23.99715805053711,0.04753750767871434
2013-02-28,20130228,XLU,24.554779052734375,0.023236960019304753
2013-03-31,20130331,XLU,25.87310218811035,0.05368906527502104
2013-04-30,20130430,XLU,27.414897918701172,0.05959067913005556
2013-05-31,20130531,XLU,24.9334659576416,-0.09051399601845145
2013-06-30,20130630,XLU,25.156496047973633,0.008945009518970481
2013-07-31,20130731,XLU,26.24618911743164,0.04331656791072791
2013-08-31,20130831,XLU,24.93588638305664,-0.04992354236694696
2013-09-30,20130930,XLU,25.221981048583984,0.01147321018120051
2013-10-31,20131031,XLU,26.173629760742188,0.03773092646152909
2013-11-30,20131130,XLU,25.66743278503418,-0.01933996088182055
2013-12-31,20131231,XLU,25.901277542114258,0.00911056275236155
2014-01-31,20140131,XLU,26.672109603881836,0.029760387707295166
2014-02-28,20140228,XLU,27.5930118560791,0.03452678718983804
2014-03-31,20140331,XLU,28.517641067504883,0.03350954278744567
2014-04-30,20140430,XLU,29.721359252929688,0.04220959870332375
2014-05-31,20140531,XLU,29.39807891845703,-0.010877037342792106
2014-06-30,20140630,XLU,30.703920364379883,0.044419278196542455
2014-07-31,20140731,XLU,28.615825653076172,-0.06800742988267205
2014-08-31,20140831,XLU,30.024065017700195,0.049211907484229434
2014-09-30,20140930,XLU,29.461734771728516,-0.018729317487161334
2014-10-31,20141031,XLU,31.827617645263672,0.08030358333839382
2014-11-30,20141130,XLU,32.19860076904297,0.01165601296063401
2014-12-31,20141231,XLU,33.3471794128418,0.035671694308627266
2015-01-31,20150131,XLU,34.124000549316406,0.023294957779111503
2015-02-28,20150228,XLU,31.941823959350586,-0.063948439656485
2015-03-31,20150331,XLU,31.6238956451416,-0.009953355031121047
2015-04-30,20150430,XLU,31.47443389892578,-0.004726228162809654
2015-05-31,20150531,XLU,31.673728942871094,0.0063319659564111674
2015-06-30,20150630,XLU,29.778366088867188,-0.05984021829013286
2015-07-31,20150731,XLU,31.59552001953125,0.061022620423200946
2015-08-31,20150831,XLU,30.496599197387695,-0.03478090632672737
2015-09-30,20150930,XLU,31.38633155822754,0.029174805855600283
2015-10-31,20151031,XLU,31.7198429107666,0.010626006161960522
2015-11-30,20151130,XLU,31.045568466186523,-0.021257181079897824
2015-12-31,20151231,XLU,31.703475952148438,0.021191671419335645
2016-01-31,20160131,XLU,33.27106857299805,0.0494454495530916
2016-02-29,20160229,XLU,33.91569137573242,0.019374875240933287
2016-03-31,20160331,XLU,36.620967864990234,0.0797647454473982
2016-04-30,20160430,XLU,35.735328674316406,-0.024183937298951186
2016-05-31,20160531,XLU,36.27408981323242,0.01507642881435789
2016-06-30,20160630,XLU,39.041099548339844,0.07628061101888894
2016-07-31,20160731,XLU,38.780677795410156,-0.006670451292163038
2016-08-31,20160831,XLU,36.630340576171875,-0.05544867551264876
2016-09-30,20160930,XLU,36.7625846862793,0.0036102342491854955
2016-10-31,20161031,XLU,37.0927734375,0.008981652243400085
2016-11-30,20161130,XLU,35.0816650390625,-0.054218334518073896
2016-12-31,20161231,XLU,36.800262451171875,0.04898847903016468
2017-01-31,20170131,XLU,37.2624397277832,0.012559075556174859
2017-02-28,20170228,XLU,39.22481155395508,0.05266353573485194
2017-03-31,20170331,XLU,39.17173767089844,-0.0013530691660209593
2017-04-30,20170430,XLU,39.4694709777832,0.0076007173688890095
2017-05-31,20170531,XLU,41.10321044921875,0.0413924846460485
2017-06-30,20170630,XLU,39.989803314208984,-0.02708808199752022
2017-07-31,20170731,XLU,40.95952606201172,0.02424925024470359
2017-08-31,20170831,XLU,42.306373596191406,0.032882400351522456
2017-09-30,20170930,XLU,41.140098571777344,-0.02756735983911074
2017-10-31,20171031,XLU,42.74538040161133,0.03901988292597891
2017-11-30,20171130,XLU,43.89311599731445,0.026850517761677573
2017-12-31,20171231,XLU,41.233978271484375,-0.06058211328611929
2018-01-31,20180131,XLU,39.950313568115234,-0.031131235868571694
2018-02-28,20180228,XLU,38.400516510009766,-0.038793113737719875
2018-03-31,20180331,XLU,39.85838317871094,0.03796476717497166
2018-04-30,20180430,XLU,40.67087173461914,0.020384383186475175
2018-05-31,20180531,XLU,40.22124099731445,-0.011055350380453244
2018-06-30,20180630,XLU,41.35300064086914,0.028138357133989267
2018-07-31,20180731,XLU,42.013580322265625,0.015974165626656767
2018-08-31,20180831,XLU,42.554752349853516,0.01288088335811488
2018-09-30,20180930,XLU,42.27886199951172,-0.006483185428354354
2018-10-31,20181031,XLU,43.11399841308594,0.019753048546667706
2018-11-30,20181130,XLU,44.639739990234375,0.03538854277745074
2018-12-31,20181231,XLU,42.85660934448242,-0.03994491558736768
2019-01-31,20190131,XLU,44.34671401977539,0.034769541923288294
2019-02-28,20190228,XLU,46.168846130371094,0.04108832302170495
2019-03-31,20190331,XLU,47.45763397216797,0.027914664320559668
2019-04-30,20190430,XLU,47.898189544677734,0.00928313393727409
2019-05-31,20190531,XLU,47.52290725708008,-0.007834999426180933
2019-06-30,20190630,XLU,49.03712463378906,0.03186289442515933
2019-07-31,20190731,XLU,48.97133255004883,-0.001341679069308599
2019-08-31,20190831,XLU,51.46306610107422,0.050881473328887594
2019-09-30,20190930,XLU,53.65110397338867,0.042516663659664555
2019-10-31,20191031,XLU,53.245025634765625,-0.00756887199980949
2019-11-30,20191130,XLU,52.25056838989258,-0.018676998142409196
2019-12-31,20191231,XLU,53.96989440917969,0.032905403180641724
2020-01-31,20200131,XLU,57.611328125,0.067471573841007
2020-02-29,20200229,XLU,51.932037353515625,-0.098579410618029
2020-03-31,20200331,XLU,46.74111557006836,-0.09995605887963221
2020-04-30,20200430,XLU,48.301673889160156,0.033387271571479804
2020-05-31,20200531,XLU,50.351505279541016,0.04243810256109737
2020-06-30,20200630,XLU,47.99894714355469,-0.046722697224748644
2020-07-31,20200731,XLU,51.7415657043457,0.07797293031444275
2020-08-31,20200831,XLU,50.39762496948242,-0.02597410257243926
2020-09-30,20200930,XLU,50.94258117675781,0.010813132714198037
2020-10-31,20201031,XLU,53.51631164550781,0.05052218417868959
2020-11-30,20201130,XLU,53.91094207763672,0.00737402148980193
2020-12-31,20201231,XLU,54.245418548583984,0.006204240884263967
2021-01-31,20210131,XLU,53.769588470458984,-0.008771802132908846
2021-02-28,20210228,XLU,50.49063491821289,-0.06098156310137193
2021-03-31,20210331,XLU,55.81843948364258,0.10552064900867086
2021-04-30,20210430,XLU,58.154380798339844,0.0418489183199362
2021-05-31,20210531,XLU,56.79465866088867,-0.023381250368157747
2021-06-30,20210630,XLU,55.540470123291016,-0.02208286073319332
2021-07-31,20210731,XLU,57.9472541809082,0.04333387982266812
2021-08-31,20210831,XLU,60.20469284057617,0.03895678391628987
2021-09-30,20210930,XLU,56.536285400390625,-0.060932250744964334
2021-10-31,20211031,XLU,59.21796417236328,0.04743287877830982
2021-11-30,20211130,XLU,58.209014892578125,-0.01703789202966266
2021-12-31,20211231,XLU,63.84904479980469,0.09689272216056155
2022-01-31,20220131,XLU,61.77070236206055,-0.03255087753091179
2022-02-28,20220228,XLU,60.59326171875,-0.01906147410157555
2022-03-31,20220331,XLU,66.8617935180664,0.10345262198315797
2022-04-30,20220430,XLU,63.98832702636719,-0.04297621018680564
2022-05-31,20220531,XLU,66.74504089355469,0.04308151182092268
2022-06-30,20220630,XLU,63.47758865356445,-0.04895423234815577
2022-07-31,20220731,XLU,66.93521881103516,0.05447009300150141
2022-08-31,20220831,XLU,67.28822326660156,0.005273822388823124
2022-09-30,20220930,XLU,59.697452545166016,-0.112809795725476
2022-10-31,20221031,XLU,60.854766845703125,0.019386326404154497
2022-11-30,20221130,XLU,65.09217071533203,0.06963142066377181
2022-12-31,20221231,XLU,64.77034759521484,-0.004944114116651854
2023-01-31,20230131,XLU,63.47494888305664,-0.019999872785211092
2023-02-28,20230228,XLU,59.71735763549805,-0.059198019276571756
2023-03-31,20230331,XLU,62.6471061706543,0.04906025067349451
2023-04-30,20230430,XLU,63.84099578857422,0.019057378558998472
2023-05-31,20230531,XLU,60.09272003173828,-0.058712676870663394
2023-06-30,20230630,XLU,61.0518684387207,0.015961141490613784
2023-07-31,20230731,XLU,62.57257080078125,0.024908367277684862
2023-08-31,20230831,XLU,58.7381706237793,-0.06127924948472918
2023-09-30,20230930,XLU,55.423912048339844,-0.05642427301094266
2023-10-31,20231031,XLU,56.13868713378906,0.012896510892731694
2023-11-30,20231130,XLU,59.026039123535156,0.051432481541026975
2023-12-31,20231231,XLU,60.123226165771484,0.018588186815992058
2024-01-31,20240131,XLU,58.33842468261719,-0.02968572375396572
2024-02-29,20240229,XLU,58.955509185791016,0.010577668261201767
2024-03-31,20240331,XLU,62.84068298339844,0.0659000973999524
2024-04-30,20240430,XLU,63.884029388427734,0.01660304050649697
2024-05-31,20240531,XLU,69.60813903808594,0.08960157498604948
2024-06-30,20240630,XLU,65.75001525878906,-0.055426331354526126
2024-07-31,20240731,XLU,70.2369155883789,0.06824181427075882
2024-08-31,20240831,XLU,73.6141586303711,0.04808358985728267
2024-09-30,20240930,XLU,78.47486114501953,0.06602945146809103
2024-10-31,20241031,XLU,77.62969970703125,-0.010769836679627165
2024-11-30,20241130,XLU,80.56351470947266,0.03779243013322753
2024-12-31,20241231,XLU,74.13928985595703,-0.07974111949661833
2025-01-31,20250131,XLU,76.284423828125,0.02893383489827972
2025-02-28,20250228,XLU,77.59697723388672,0.017206047314704875
2025-03-31,20250331,XLU,77.78273010253906,0.00239381578089648
2025-04-30,20250430,XLU,77.8320541381836,0.0006341257960411628
2025-05-31,20250531,XLU,80.8111801147461,0.0382763375520494
2025-06-30,20250630,XLU,81.11400604248047,0.0037473271310279888
2025-07-31,20250731,XLU,85.09718322753906,0.04910591128950714
2025-08-31,20250831,XLU,83.75621032714844,-0.015758134987911787
2025-09-30,20250930,XLU,87.20999908447266,0.04123621094882224
2025-10-31,20251031,XLU,89.0999984741211,0.021671819854254926
2025-11-30,20251130,XLU,88.1500015258789,-0.010662143260508739
1998-12-31,19981231,XLRE,,
1999-01-31,19990131,XLRE,,
1999-02-28,19990228,XLRE,,
1999-03-31,19990331,XLRE,,
1999-04-30,19990430,XLRE,,
1999-05-31,19990531,XLRE,,
1999-06-30,19990630,XLRE,,
1999-07-31,19990731,XLRE,,
1999-08-31,19990831,XLRE,,
1999-09-30,19990930,XLRE,,
1999-10-31,19991031,XLRE,,
1999-11-30,19991130,XLRE,,
1999-12-31,19991231,XLRE,,
2000-01-31,20000131,XLRE,,
2000-02-29,20000229,XLRE,,
2000-03-31,20000331,XLRE,,
2000-04-30,20000430,XLRE,,
2000-05-31,20000531,XLRE,,
2000-06-30,20000630,XLRE,,
2000-07-31,20000731,XLRE,,
2000-08-31,20000831,XLRE,,
2000-09-30,20000930,XLRE,,
2000-10-31,20001031,XLRE,,
2000-11-30,20001130,XLRE,,
2000-12-31,20001231,XLRE,,
2001-01-31,20010131,XLRE,,
2001-02-28,20010228,XLRE,,
2001-03-31,20010331,XLRE,,
2001-04-30,20010430,XLRE,,
2001-05-31,20010531,XLRE,,
2001-06-30,20010630,XLRE,,
2001-07-31,20010731,XLRE,,
2001-08-31,20010831,XLRE,,
2001-09-30,20010930,XLRE,,
2001-10-31,20011031,XLRE,,
2001-11-30,20011130,XLRE,,
2001-12-31,20011231,XLRE,,
2002-01-31,20020131,XLRE,,
2002-02-28,20020228,XLRE,,
2002-03-31,20020331,XLRE,,
2002-04-30,20020430,XLRE,,
2002-05-31,20020531,XLRE,,
2002-06-30,20020630,XLRE,,
2002-07-31,20020731,XLRE,,
2002-08-31,20020831,XLRE,,
2002-09-30,20020930,XLRE,,
2002-10-31,20021031,XLRE,,
2002-11-30,20021130,XLRE,,
2002-12-31,20021231,XLRE,,
2003-01-31,20030131,XLRE,,
2003-02-28,20030228,XLRE,,
2003-03-31,20030331,XLRE,,
2003-04-30,20030430,XLRE,,
2003-05-31,20030531,XLRE,,
2003-06-30,20030630,XLRE,,
2003-07-31,20030731,XLRE,,
2003-08-31,20030831,XLRE,,
2003-09-30,20030930,XLRE,,
2003-10-31,20031031,XLRE,,
2003-11-30,20031130,XLRE,,
2003-12-31,20031231,XLRE,,
2004-01-31,20040131,XLRE,,
2004-02-29,20040229,XLRE,,
2004-03-31,20040331,XLRE,,
2004-04-30,20040430,XLRE,,
2004-05-31,20040531,XLRE,,
2004-06-30,20040630,XLRE,,
2004-07-31,20040731,XLRE,,
2004-08-31,20040831,XLRE,,
2004-09-30,20040930,XLRE,,
2004-10-31,20041031,XLRE,,
2004-11-30,20041130,XLRE,,
2004-12-31,20041231,XLRE,,
2005-01-31,20050131,XLRE,,
2005-02-28,20050228,XLRE,,
2005-03-31,20050331,XLRE,,
2005-04-30,20050430,XLRE,,
2005-05-31,20050531,XLRE,,
2005-06-30,20050630,XLRE,,
2005-07-31,20050731,XLRE,,
2005-08-31,20050831,XLRE,,
2005-09-30,20050930,XLRE,,
2005-10-31,20051031,XLRE,,
2005-11-30,20051130,XLRE,,
2005-12-31,20051231,XLRE,,
2006-01-31,20060131,XLRE,,
2006-02-28,20060228,XLRE,,
2006-03-31,20060331,XLRE,,
2006-04-30,20060430,XLRE,,
2006-05-31,20060531,XLRE,,
2006-06-30,20060630,XLRE,,
2006-07-31,20060731,XLRE,,
2006-08-31,20060831,XLRE,,
2006-09-30,20060930,XLRE,,
2006-10-31,20061031,XLRE,,
2006-11-30,20061130,XLRE,,
2006-12-31,20061231,XLRE,,
2007-01-31,20070131,XLRE,,
2007-02-28,20070228,XLRE,,
2007-03-31,20070331,XLRE,,
2007-04-30,20070430,XLRE,,
2007-05-31,20070531,XLRE,,
2007-06-30,20070630,XLRE,,
2007-07-31,20070731,XLRE,,
2007-08-31,20070831,XLRE,,
2007-09-30,20070930,XLRE,,
2007-10-31,20071031,XLRE,,
2007-11-30,20071130,XLRE,,
2007-12-31,20071231,XLRE,,
2008-01-31,20080131,XLRE,,
2008-02-29,20080229,XLRE,,
2008-03-31,20080331,XLRE,,
2008-04-30,20080430,XLRE,,
2008-05-31,20080531,XLRE,,
2008-06-30,20080630,XLRE,,
2008-07-31,20080731,XLRE,,
2008-08-31,20080831,XLRE,,
2008-09-30,20080930,XLRE,,
2008-10-31,20081031,XLRE,,
2008-11-30,20081130,XLRE,,
2008-12-31,20081231,XLRE,,
2009-01-31,20090131,XLRE,,
2009-02-28,20090228,XLRE,,
2009-03-31,20090331,XLRE,,
2009-04-30,20090430,XLRE,,
2009-05-31,20090531,XLRE,,
2009-06-30,20090630,XLRE,,
2009-07-31,20090731,XLRE,,
2009-08-31,20090831,XLRE,,
2009-09-30,20090930,XLRE,,
2009-10-31,20091031,XLRE,,
2009-11-30,20091130,XLRE,,
2009-12-31,20091231,XLRE,,
2010-01-31,20100131,XLRE,,
2010-02-28,20100228,XLRE,,
2010-03-31,20100331,XLRE,,
2010-04-30,20100430,XLRE,,
2010-05-31,20100531,XLRE,,
2010-06-30,20100630,XLRE,,
2010-07-31,20100731,XLRE,,
2010-08-31,20100831,XLRE,,
2010-09-30,20100930,XLRE,,
2010-10-31,20101031,XLRE,,
2010-11-30,20101130,XLRE,,
2010-12-31,20101231,XLRE,,
2011-01-31,20110131,XLRE,,
2011-02-28,20110228,XLRE,,
2011-03-31,20110331,XLRE,,
2011-04-30,20110430,XLRE,,
2011-05-31,20110531,XLRE,,
2011-06-30,20110630,XLRE,,
2011-07-31,20110731,XLRE,,
2011-08-31,20110831,XLRE,,
2011-09-30,20110930,XLRE,,
2011-10-31,20111031,XLRE,,
2011-11-30,20111130,XLRE,,
2011-12-31,20111231,XLRE,,
2012-01-31,20120131,XLRE,,
2012-02-29,20120229,XLRE,,
2012-03-31,20120331,XLRE,,
2012-04-30,20120430,XLRE,,
2012-05-31,20120531,XLRE,,
2012-06-30,20120630,XLRE,,
2012-07-31,20120731,XLRE,,
2012-08-31,20120831,XLRE,,
2012-09-30,20120930,XLRE,,
2012-10-31,20121031,XLRE,,
2012-11-30,20121130,XLRE,,
2012-12-31,20121231,XLRE,,
2013-01-31,20130131,XLRE,,
2013-02-28,20130228,XLRE,,
2013-03-31,20130331,XLRE,,
2013-04-30,20130430,XLRE,,
2013-05-31,20130531,XLRE,,
2013-06-30,20130630,XLRE,,
2013-07-31,20130731,XLRE,,
2013-08-31,20130831,XLRE,,
2013-09-30,20130930,XLRE,,
2013-10-31,20131031,XLRE,,
2013-11-30,20131130,XLRE,,
2013-12-31,20131231,XLRE,,
2014-01-31,20140131,XLRE,,
2014-02-28,20140228,XLRE,,
2014-03-31,20140331,XLRE,,
2014-04-30,20140430,XLRE,,
2014-05-31,20140531,XLRE,,
2014-06-30,20140630,XLRE,,
2014-07-31,20140731,XLRE,,
2014-08-31,20140831,XLRE,,
2014-09-30,20140930,XLRE,,
2014-10-31,20141031,XLRE,,
2014-11-30,20141130,XLRE,,
2014-12-31,20141231,XLRE,,
2015-01-31,20150131,XLRE,,
2015-02-28,20150228,XLRE,,
2015-03-31,20150331,XLRE,,
2015-04-30,20150430,XLRE,,
2015-05-31,20150531,XLRE,,
2015-06-30,20150630,XLRE,,
2015-07-31,20150731,XLRE,,
2015-08-31,20150831,XLRE,,
2015-09-30,20150930,XLRE,,
2015-10-31,20151031,XLRE,21.94172477722168,
2015-11-30,20151130,XLRE,21.79994010925293,-0.0064618743242983445
2015-12-31,20151231,XLRE,22.3520565032959,0.02532650967277772
2016-01-31,20160131,XLRE,20.922801971435547,-0.06394286501779389
2016-02-29,20160229,XLRE,21.02314567565918,0.004795901828092974
2016-03-31,20160331,XLRE,23.272022247314453,0.10697145928351937
2016-04-30,20160430,XLRE,22.70758056640625,-0.024254088231345672
2016-05-31,20160531,XLRE,23.09834861755371,0.017208704820167675
2016-06-30,20160630,XLRE,24.50748634338379,0.06100599437481846
2016-07-31,20160731,XLRE,25.301300048828125,0.032390661952103494
2016-08-31,20160831,XLRE,24.354265213012695,-0.03743028358178346
2016-09-30,20160930,XLRE,24.035518646240234,-0.01308791556569533
2016-10-31,20161031,XLRE,22.70062255859375,-0.05553847650611421
2016-11-30,20161130,XLRE,22.01116180419922,-0.030371887494051286
2016-12-31,20161231,XLRE,22.96790885925293,0.04346644959336876
2017-01-31,20170131,XLRE,22.93803596496582,-0.001300636225534113
2017-02-28,20170228,XLRE,24.006134033203125,0.04656449531549489
2017-03-31,20170331,XLRE,23.75334358215332,-0.01053024409095471
2017-04-30,20170430,XLRE,23.79093360900879,0.0015825151825661354
2017-05-31,20170531,XLRE,23.948781967163086,0.0066348114264218605
2017-06-30,20170630,XLRE,24.407184600830078,0.019140958162111144
2017-07-31,20170731,XLRE,24.702810287475586,0.012112240370216742
2017-08-31,20170831,XLRE,24.952939987182617,0.010125556436542338
2017-09-30,20170930,XLRE,24.612627029418945,-0.013638190847991338
2017-10-31,20171031,XLRE,24.811115264892578,0.00806448800594839
2017-11-30,20171130,XLRE,25.536365509033203,0.029230860297797534
2017-12-31,20171231,XLRE,25.424448013305664,-0.004382671280607653
2018-01-31,20180131,XLRE,24.938186645507812,-0.019125739427788946
2018-02-28,20180228,XLRE,23.240135192871094,-0.06809041398134674
2018-03-31,20180331,XLRE,24.129987716674805,0.03828947277710637
2018-04-30,20180430,XLRE,23.98247528076172,-0.006113241235143674
2018-05-31,20180531,XLRE,24.518184661865234,0.022337535005540143
2018-06-30,20180630,XLRE,25.612085342407227,0.04461589206656913
2018-07-31,20180731,XLRE,25.878305435180664,0.010394315387222353
2018-08-31,20180831,XLRE,26.504711151123047,0.02420582435397045
2018-09-30,20180930,XLRE,25.803373336791992,-0.02646087370400707
2018-10-31,20181031,XLRE,25.39191246032715,-0.015946011054227438
2018-11-30,20181130,XLRE,26.784547805786133,0.054845626442469264
2018-12-31,20181231,XLRE,24.817399978637695,-0.07344338390224692
2019-01-31,20190131,XLRE,27.48326873779297,0.10741934132705278
2019-02-28,20190228,XLRE,27.787477493286133,0.011068870970025513
2019-03-31,20190331,XLRE,29.162458419799805,0.049482034734742886
2019-04-30,20190430,XLRE,29.00948143005371,-0.005245682224178649
2019-05-31,20190531,XLRE,29.363750457763672,0.012212180647356963
2019-06-30,20190630,XLRE,29.84013557434082,0.016223578703353114
2019-07-31,20190731,XLRE,30.359521865844727,0.017405627739524032
2019-08-31,20190831,XLRE,31.820281982421875,0.0481153861062793
2019-09-30,20190930,XLRE,32.139503479003906,0.010032013442193177
2019-10-31,20191031,XLRE,32.13133239746094,-0.0002542379520052984
2019-11-30,20191130,XLRE,31.575786590576172,-0.01728984655888921
2019-12-31,20191231,XLRE,31.935976028442383,0.011407140621279455
2020-01-31,20200131,XLRE,32.39844512939453,0.01448113251776828
2020-02-29,20200229,XLRE,30.38335418701172,-0.06219714971921775
2020-03-31,20200331,XLRE,25.79346466064453,-0.15106592570774413
2020-04-30,20200430,XLRE,28.223047256469727,0.0941937280543872
2020-05-31,20200531,XLRE,28.8304500579834,0.02152151736111474
2020-06-30,20200630,XLRE,29.18650245666504,0.012349873067036832
2020-07-31,20200731,XLRE,30.402246475219727,0.04165432361619126
2020-08-31,20200831,XLRE,30.39385986328125,-0.00027585500779725436
2020-09-30,20200930,XLRE,29.750181198120117,-0.021177917778674726
2020-10-31,20201031,XLRE,28.805465698242188,-0.03175494944338775
2020-11-30,20201130,XLRE,30.787683486938477,0.06881394695928322
2020-12-31,20201231,XLRE,31.23777198791504,0.0146191090072596
2021-01-31,20210131,XLRE,31.408649444580078,0.005470219090245809
2021-02-28,20210228,XLRE,31.90421485900879,0.01577799183320905
2021-03-31,20210331,XLRE,34.0781364440918,0.06813900905225245
2021-04-30,20210430,XLRE,36.908626556396484,0.08305882913956752
2021-05-31,20210531,XLRE,37.33147430419922,0.011456610208906648
2021-06-30,20210630,XLRE,38.50237274169922,0.031364912833573566
2021-07-31,20210731,XLRE,40.28287887573242,0.04624406256669111
2021-08-31,20210831,XLRE,41.4119873046875,0.028029486979772145
2021-09-30,20210930,XLRE,38.82288360595703,-0.0625206339333878
2021-10-31,20211031,XLRE,41.766258239746094,0.07581545625676878
2021-11-30,20211130,XLRE,41.39069366455078,-0.008992057010218657
2021-12-31,20211231,XLRE,45.63869094848633,0.10263170069975813
2022-01-31,20220131,XLRE,41.70112228393555,-0.08627698522280636
2022-02-28,20220228,XLRE,39.70151901245117,-0.0479508263079691
2022-03-31,20220331,XLRE,42.80820846557617,0.07825114832887592
2022-04-30,20220430,XLRE,41.28440856933594,-0.035595974483855874
2022-05-31,20220531,XLRE,39.175899505615234,-0.0510727690377234
2022-06-30,20220630,XLRE,36.4904899597168,-0.06854748913968212
2022-07-31,20220731,XLRE,39.59833908081055,0.08516874189753598
2022-08-31,20220831,XLRE,37.37461853027344,-0.056156914712989336
2022-09-30,20220930,XLRE,32.45188522338867,-0.13171327228122343
2022-10-31,20221031,XLRE,33.10074234008789,0.019994435214863104
2022-11-30,20221130,XLRE,35.362735748291016,0.06833663683317615
2022-12-31,20221231,XLRE,33.65886688232422,-0.048182608893576395
2023-01-31,20230131,XLRE,36.99467468261719,0.09910636064949507
2023-02-28,20230228,XLRE,34.82548522949219,-0.05863518119120659
2023-03-31,20230331,XLRE,34.31144714355469,-0.01476039982070898
2023-04-30,20230430,XLRE,34.65106964111328,0.009898227146691196
2023-05-31,20230531,XLRE,33.081451416015625,-0.045297828937301055
2023-06-30,20230630,XLRE,34.928688049316406,0.055839044365704193
2023-07-31,20230731,XLRE,35.392059326171875,0.013266209031419285
2023-08-31,20230831,XLRE,34.30778121948242,-0.030636197139499166
2023-09-30,20230930,XLRE,31.825641632080078,-0.07234917267085772
2023-10-31,20231031,XLRE,30.919540405273438,-0.028470792114157928
2023-11-30,20231130,XLRE,34.7774772644043,0.12477342187378948
2023-12-31,20231231,XLRE,37.81909942626953,0.0874595399413407
2024-01-31,20240131,XLRE,35.99706268310547,-0.04817768722167026
2024-02-29,20240229,XLRE,36.922237396240234,0.025701394618760975
2024-03-31,20240331,XLRE,37.57282638549805,0.01762051910007112
2024-04-30,20240430,XLRE,34.398189544677734,-0.08449289409980676
2024-05-31,20240531,XLRE,36.16609573364258,0.05139532668335978
2024-06-30,20240630,XLRE,36.879173278808594,0.019716741072017152
2024-07-31,20240731,XLRE,39.54837417602539,0.07237691791617706
2024-08-31,20240831,XLRE,41.8143196105957,0.05729553949512156
2024-09-30,20240930,XLRE,43.190311431884766,0.03290719146223742
2024-10-31,20241031,XLRE,41.76900863647461,-0.032907908007370756
2024-11-30,20241130,XLRE,43.50938415527344,0.04166667047201722
2024-12-31,20241231,XLRE,39.74570083618164,-0.08650279456174814
2025-01-31,20250131,XLRE,40.47865295410156,0.01844104148372927
2025-02-28,20250228,XLRE,42.169342041015625,0.041767424643085915
2025-03-31,20250331,XLRE,41.16065979003906,-0.023919800550728954
2025-04-30,20250430,XLRE,40.619720458984375,-0.013142144314839066
2025-05-31,20250531,XLRE,41.042640686035156,0.010411697133116071
2025-06-30,20250630,XLRE,41.10625457763672,0.0015499463615948894
2025-07-31,20250731,XLRE,41.09633255004883,-0.00024137513110444875
2025-08-31,20250831,XLRE,41.98951721191406,0.021733926276206628
2025-09-30,20250930,XLRE,42.130001068115234,0.003345688770179711
2025-10-31,20251031,XLRE,40.900001525878906,-0.029195336127518234
2025-11-30,20251130,XLRE,40.900001525878906,0.0
1998-12-31,19981231,XLC,,
1999-01-31,19990131,XLC,,
1999-02-28,19990228,XLC,,
1999-03-31,19990331,XLC,,
1999-04-30,19990430,XLC,,
1999-05-31,19990531,XLC,,
1999-06-30,19990630,XLC,,
1999-07-31,19990731,XLC,,
1999-08-31,19990831,XLC,,
1999-09-30,19990930,XLC,,
1999-10-31,19991031,XLC,,
1999-11-30,19991130,XLC,,
1999-12-31,19991231,XLC,,
2000-01-31,20000131,XLC,,
2000-02-29,20000229,XLC,,
2000-03-31,20000331,XLC,,
2000-04-30,20000430,XLC,,
2000-05-31,20000531,XLC,,
2000-06-30,20000630,XLC,,
2000-07-31,20000731,XLC,,
2000-08-31,20000831,XLC,,
2000-09-30,20000930,XLC,,
2000-10-31,20001031,XLC,,
2000-11-30,20001130,XLC,,
2000-12-31,20001231,XLC,,
2001-01-31,20010131,XLC,,
2001-02-28,20010228,XLC,,
2001-03-31,20010331,XLC,,
2001-04-30,20010430,XLC,,
2001-05-31,20010531,XLC,,
2001-06-30,20010630,XLC,,
2001-07-31,20010731,XLC,,
2001-08-31,20010831,XLC,,
2001-09-30,20010930,XLC,,
2001-10-31,20011031,XLC,,
2001-11-30,20011130,XLC,,
2001-12-31,20011231,XLC,,
2002-01-31,20020131,XLC,,
2002-02-28,20020228,XLC,,
2002-03-31,20020331,XLC,,
2002-04-30,20020430,XLC,,
2002-05-31,20020531,XLC,,
2002-06-30,20020630,XLC,,
2002-07-31,20020731,XLC,,
2002-08-31,20020831,XLC,,
2002-09-30,20020930,XLC,,
2002-10-31,20021031,XLC,,
2002-11-30,20021130,XLC,,
2002-12-31,20021231,XLC,,
2003-01-31,20030131,XLC,,
2003-02-28,20030228,XLC,,
2003-03-31,20030331,XLC,,
2003-04-30,20030430,XLC,,
2003-05-31,20030531,XLC,,
2003-06-30,20030630,XLC,,
2003-07-31,20030731,XLC,,
2003-08-31,20030831,XLC,,
2003-09-30,20030930,XLC,,
2003-10-31,20031031,XLC,,
2003-11-30,20031130,XLC,,
2003-12-31,20031231,XLC,,
2004-01-31,20040131,XLC,,
2004-02-29,20040229,XLC,,
2004-03-31,20040331,XLC,,
2004-04-30,20040430,XLC,,
2004-05-31,20040531,XLC,,
2004-06-30,20040630,XLC,,
2004-07-31,20040731,XLC,,
2004-08-31,20040831,XLC,,
2004-09-30,20040930,XLC,,
2004-10-31,20041031,XLC,,
2004-11-30,20041130,XLC,,
2004-12-31,20041231,XLC,,
2005-01-31,20050131,XLC,,
2005-02-28,20050228,XLC,,
2005-03-31,20050331,XLC,,
2005-04-30,20050430,XLC,,
2005-05-31,20050531,XLC,,
2005-06-30,20050630,XLC,,
2005-07-31,20050731,XLC,,
2005-08-31,20050831,XLC,,
2005-09-30,20050930,XLC,,
2005-10-31,20051031,XLC,,
2005-11-30,20051130,XLC,,
2005-12-31,20051231,XLC,,
2006-01-31,20060131,XLC,,
2006-02-28,20060228,XLC,,
2006-03-31,20060331,XLC,,
2006-04-30,20060430,XLC,,
2006-05-31,20060531,XLC,,
2006-06-30,20060630,XLC,,
2006-07-31,20060731,XLC,,
2006-08-31,20060831,XLC,,
2006-09-30,20060930,XLC,,
2006-10-31,20061031,XLC,,
2006-11-30,20061130,XLC,,
2006-12-31,20061231,XLC,,
2007-01-31,20070131,XLC,,
2007-02-28,20070228,XLC,,
2007-03-31,20070331,XLC,,
2007-04-30,20070430,XLC,,
2007-05-31,20070531,XLC,,
2007-06-30,20070630,XLC,,
2007-07-31,20070731,XLC,,
2007-08-31,20070831,XLC,,
2007-09-30,20070930,XLC,,
2007-10-31,20071031,XLC,,
2007-11-30,20071130,XLC,,
2007-12-31,20071231,XLC,,
2008-01-31,20080131,XLC,,
2008-02-29,20080229,XLC,,
2008-03-31,20080331,XLC,,
2008-04-30,20080430,XLC,,
2008-05-31,20080531,XLC,,
2008-06-30,20080630,XLC,,
2008-07-31,20080731,XLC,,
2008-08-31,20080831,XLC,,
2008-09-30,20080930,XLC,,
2008-10-31,20081031,XLC,,
2008-11-30,20081130,XLC,,
2008-12-31,20081231,XLC,,
2009-01-31,20090131,XLC,,
2009-02-28,20090228,XLC,,
2009-03-31,20090331,XLC,,
2009-04-30,20090430,XLC,,
2009-05-31,20090531,XLC,,
2009-06-30,20090630,XLC,,
2009-07-31,20090731,XLC,,
2009-08-31,20090831,XLC,,
2009-09-30,20090930,XLC,,
2009-10-31,20091031,XLC,,
2009-11-30,20091130,XLC,,
2009-12-31,20091231,XLC,,
2010-01-31,20100131,XLC,,
2010-02-28,20100228,XLC,,
2010-03-31,20100331,XLC,,
2010-04-30,20100430,XLC,,
2010-05-31,20100531,XLC,,
2010-06-30,20100630,XLC,,
2010-07-31,20100731,XLC,,
2010-08-31,20100831,XLC,,
2010-09-30,20100930,XLC,,
2010-10-31,20101031,XLC,,
2010-11-30,20101130,XLC,,
2010-12-31,20101231,XLC,,
2011-01-31,20110131,XLC,,
2011-02-28,20110228,XLC,,
2011-03-31,20110331,XLC,,
2011-04-30,20110430,XLC,,
2011-05-31,20110531,XLC,,
2011-06-30,20110630,XLC,,
2011-07-31,20110731,XLC,,
2011-08-31,20110831,XLC,,
2011-09-30,20110930,XLC,,
2011-10-31,20111031,XLC,,
2011-11-30,20111130,XLC,,
2011-12-31,20111231,XLC,,
2012-01-31,20120131,XLC,,
2012-02-29,20120229,XLC,,
2012-03-31,20120331,XLC,,
2012-04-30,20120430,XLC,,
2012-05-31,20120531,XLC,,
2012-06-30,20120630,XLC,,
2012-07-31,20120731,XLC,,
2012-08-31,20120831,XLC,,
2012-09-30,20120930,XLC,,
2012-10-31,20121031,XLC,,
2012-11-30,20121130,XLC,,
2012-12-31,20121231,XLC,,
2013-01-31,20130131,XLC,,
2013-02-28,20130228,XLC,,
2013-03-31,20130331,XLC,,
2013-04-30,20130430,XLC,,
2013-05-31,20130531,XLC,,
2013-06-30,20130630,XLC,,
2013-07-31,20130731,XLC,,
2013-08-31,20130831,XLC,,
2013-09-30,20130930,XLC,,
2013-10-31,20131031,XLC,,
2013-11-30,20131130,XLC,,
2013-12-31,20131231,XLC,,
2014-01-31,20140131,XLC,,
2014-02-28,20140228,XLC,,
2014-03-31,20140331,XLC,,
2014-04-30,20140430,XLC,,
2014-05-31,20140531,XLC,,
2014-06-30,20140630,XLC,,
2014-07-31,20140731,XLC,,
2014-08-31,20140831,XLC,,
2014-09-30,20140930,XLC,,
2014-10-31,20141031,XLC,,
2014-11-30,20141130,XLC,,
2014-12-31,20141231,XLC,,
2015-01-31,20150131,XLC,,
2015-02-28,20150228,XLC,,
2015-03-31,20150331,XLC,,
2015-04-30,20150430,XLC,,
2015-05-31,20150531,XLC,,
2015-06-30,20150630,XLC,,
2015-07-31,20150731,XLC,,
2015-08-31,20150831,XLC,,
2015-09-30,20150930,XLC,,
2015-10-31,20151031,XLC,,
2015-11-30,20151130,XLC,,
2015-12-31,20151231,XLC,,
2016-01-31,20160131,XLC,,
2016-02-29,20160229,XLC,,
2016-03-31,20160331,XLC,,
2016-04-30,20160430,XLC,,
2016-05-31,20160531,XLC,,
2016-06-30,20160630,XLC,,
2016-07-31,20160731,XLC,,
2016-08-31,20160831,XLC,,
2016-09-30,20160930,XLC,,
2016-10-31,20161031,XLC,,
2016-11-30,20161130,XLC,,
2016-12-31,20161231,XLC,,
2017-01-31,20170131,XLC,,
2017-02-28,20170228,XLC,,
2017-03-31,20170331,XLC,,
2017-04-30,20170430,XLC,,
2017-05-31,20170531,XLC,,
2017-06-30,20170630,XLC,,
2017-07-31,20170731,XLC,,
2017-08-31,20170831,XLC,,
2017-09-30,20170930,XLC,,
2017-10-31,20171031,XLC,,
2017-11-30,20171130,XLC,,
2017-12-31,20171231,XLC,,
2018-01-31,20180131,XLC,,
2018-02-28,20180228,XLC,,
2018-03-31,20180331,XLC,,
2018-04-30,20180430,XLC,,
2018-05-31,20180531,XLC,,
2018-06-30,20180630,XLC,46.22129821777344,
2018-07-31,20180731,XLC,45.2227897644043,-0.021602778196852634
2018-08-31,20180831,XLC,45.894691467285156,0.014857590749735694
2018-09-30,20180930,XLC,45.85047912597656,-0.0009633432515852025
2018-10-31,20181031,XLC,43.08073043823242,-0.06040828232425033
2018-11-30,20181130,XLC,42.116943359375,-0.022371651294057382
2018-12-31,20181231,XLC,38.752464294433594,-0.07988421752815766
2019-01-31,20190131,XLC,43.30550765991211,0.11749042153514133
2019-02-28,20190228,XLC,43.10834503173828,-0.00455283031715481
2019-03-31,20190331,XLC,43.98374557495117,0.020306985632790653
2019-04-30,20190430,XLC,47.08715057373047,0.07055799723765888
2019-05-31,20190531,XLC,44.28468704223633,-0.059516524090918566
2019-06-30,20190630,XLC,46.39883041381836,0.047739828658282635
2019-07-31,20190731,XLC,47.86941909790039,0.03169452055076083
2019-08-31,20190831,XLC,46.69105911254883,-0.024616132962500203
2019-09-30,20190930,XLC,46.7905158996582,0.0021301034716225686
2019-10-31,20191031,XLC,47.82989501953125,0.022213457148067883
2019-11-30,20191130,XLC,49.662940979003906,0.038324273108359064
2019-12-31,20191231,XLC,50.78425598144531,0.022578505830242124
2020-01-31,20200131,XLC,51.04939651489258,0.005220919915497779
2020-02-29,20200229,XLC,48.06654357910156,-0.058430718861109954
2020-03-31,20200331,XLC,42.010536193847656,-0.12599215450738055
2020-04-30,20200430,XLC,47.74615478515625,0.13652809773345775
2020-05-31,20200531,XLC,51.297698974609375,0.0743838787737785
2020-06-30,20200630,XLC,51.42036819458008,0.002391320125906926
2020-07-31,20200731,XLC,55.312095642089844,0.07568455038639677
2020-08-31,20200831,XLC,60.19342041015625,0.08825058445899758
2020-09-30,20200930,XLC,56.64011001586914,-0.05903154148867029
2020-10-31,20201031,XLC,56.449398040771484,-0.00336708341569647
2020-11-30,20201130,XLC,62.3613395690918,0.10472993040688072
2020-12-31,20201231,XLC,64.44744110107422,0.03345183965574017
2021-01-31,20210131,XLC,63.874393463134766,-0.008891705056849775
2021-02-28,20210228,XLC,68.35364532470703,0.07012593965620151
2021-03-31,20210331,XLC,70.14872741699219,0.026261687782089815
2021-04-30,20210430,XLC,74.67412567138672,0.06451148040781618
2021-05-31,20210531,XLC,75.38211822509766,0.009481095993363997
2021-06-30,20210630,XLC,77.6070785522461,0.02951575757667757
2021-07-31,20210731,XLC,78.97770690917969,0.017661125537806077
2021-08-31,20210831,XLC,82.06396484375,0.03907758347706092
2021-09-30,20210930,XLC,76.91416931152344,-0.06275343315463477
2021-10-31,20211031,XLC,77.09658813476562,0.0023717193447587714
2021-11-30,20211130,XLC,72.3632583618164,-0.06139480212373738
2021-12-31,20211231,XLC,74.7345199584961,0.03276886157921988
2022-01-31,20220131,XLC,71.14596557617188,-0.04801736044223104
2022-02-28,20220228,XLC,65.8545150756836,-0.07437456864399472
2022-03-31,20220331,XLC,66.34021759033203,0.007375386700368969
2022-04-30,20220430,XLC,56.96500015258789,-0.14132026963852495
2022-05-31,20220531,XLC,58.04526901245117,0.01896372960536552
2022-06-30,20220630,XLC,52.47160720825195,-0.09602267159798372
2022-07-31,20220731,XLC,54.50201416015625,0.038695345157732985
2022-08-31,20220831,XLC,52.577964782714844,-0.035302353630225713
2022-09-30,20220930,XLC,46.400917053222656,-0.11748358376022405
2022-10-31,20221031,XLC,46.71097183227539,0.006682083000581596
2022-11-30,20221130,XLC,49.908355712890625,0.06845038232336598
2022-12-31,20221231,XLC,46.61227798461914,-0.06604260311104893
2023-01-31,20230131,XLC,53.498741149902344,0.14773925375532082
2023-02-28,20230228,XLC,51.96409606933594,-0.028685629747181585
2023-03-31,20230331,XLC,56.459720611572266,0.08651405263045064
2023-04-30,20230430,XLC,58.33944320678711,0.03329316147606942
2023-05-31,20230531,XLC,60.61847686767578,0.03906505677146277
2023-06-30,20230630,XLC,63.487430572509766,0.04732804011385228
2023-07-31,20230731,XLC,67.10662841796875,0.05700652574568221
2023-08-31,20230831,XLC,66.07257843017578,-0.015409058869005676
2023-09-30,20230930,XLC,64.12501525878906,-0.029476118802369222
2023-10-31,20231031,XLC,63.29374313354492,-0.01296330491134201
2023-11-30,20231130,XLC,68.2324447631836,0.07802827554721148
2023-12-31,20231231,XLC,71.2332763671875,0.04397954102947632
2024-01-31,20240131,XLC,74.39005279541016,0.0443160358362622
2024-02-29,20240229,XLC,77.80171966552734,0.04586186918700075
2024-03-31,20240331,XLC,80.27320861816406,0.03176650803172154
2024-04-30,20240430,XLC,76.5377426147461,-0.04653440503651074
2024-05-31,20240531,XLC,81.8460464477539,0.0693553748995086
2024-06-30,20240630,XLC,84.42793273925781,0.03154564457981546
2024-07-31,20240731,XLC,84.55606842041016,0.0015176929837672493
2024-08-31,20240831,XLC,86.06405639648438,0.017834178010459834
2024-09-30,20240930,XLC,89.37019348144531,0.03841484149585117
2024-10-31,20241031,XLC,90.99149322509766,0.01814139234227974
2024-11-30,20241130,XLC,97.279052734375,0.06910052013019485
2024-12-31,20241231,XLC,95.95596313476562,-0.01360097125145876
2025-01-31,20250131,XLC,101.4768295288086,0.057535417431944014
2025-02-28,20250228,XLC,101.10017395019531,-0.0037117397179456946
2025-03-31,20250331,XLC,95.88207244873047,-0.051613180250663304
2025-04-30,20250430,XLC,94.87802124023438,-0.010471730354315922
2025-05-31,20250531,XLC,100.80293273925781,0.06244767145829644
2025-06-30,20250630,XLC,108.1528091430664,0.07291331912753152
2025-07-31,20250731,XLC,107.03670501708984,-0.010319696130131617
2025-08-31,20250831,XLC,111.00286865234375,0.037054238867131106
2025-09-30,20250930,XLC,118.37000274658203,0.06636886220762306
2025-10-31,20251031,XLC,114.80999755859375,-0.030075231100652133
2025-11-30,20251130,XLC,111.9000015258789,-0.025346190180255967
